State,County,IMU Score,Zip
PW,AIMELIIK,42.5,70002
PW,KAYANGEL,42.5,70100
PW,NGARCHELONG,42.5,70218
PW,NGARDMAU,42.5,70222
PW,HATOBOHEIT,42.5,70050
PW,NGARAARD,42.5,70214
PW,AIRAI,42.5,70004
PW,NGIWAL,42.5,70228
PW,PELELIU,42.5,70350
PW,SONSOROL,42.5,70370
PW,ANGAUR,42.5,70010
PW,KOROR,42.5,70150
PW,MELEKEOK,42.5,70212
PW,NGATPANG,42.5,70224
PW,NGCHESAR,42.5,70226
PW,NGERNMLENGUI,42.5,70227
MH,UTRIK,36.4,68410
MH,WOTHO,36.4,68420
MH,WOTJE,36.4,68430
MH,MEJIT,36.4,68310
MH,MILI,36.4,68320
MH,TOKE,36.4,68385
MH,KWAJALEIN,36.4,68150
MH,LIKIEP,36.4,68180
MH,MAJURO,36.4,68190
MH,NAMORIK,36.4,68330
MH,NAMU,36.4,68340
MH,RONGRIK,36.4,68360
MH,JABAT,36.4,68110
MH,UJAE,36.4,68390
MH,UJELANG,36.4,68400
MH,ERIKUB,36.4,68100
MH,LAE,36.4,68160
MH,LIB,36.4,68170
MH,BIKAR,36.4,68060
MH,BIKINI,36.4,68070
MH,BOKAK,36.4,68073
MH,EBON,36.4,68080
MH,ENEWETAK,36.4,68090
MH,RONGELAP,36.4,68350
MH,JALUIT,36.4,68120
MH,JEMO,36.4,68130
MH,AUR,36.4,68050
MH,MALOELAP,36.4,68300
MH,AILINGINAE,36.4,68007
MH,AILINGLAPLAP,36.4,68010
MH,AILUK,36.4,68030
MH,ARNO,36.4,68040
GU,GUAM,61.1,66010
WY,TETON,81.4,56039
WY,SUBLETTE,76.5,56035
WI,BAYFIELD,49.0,55007
VA,SHENANDOAH,59.9,51171
VA,MIDDLESEX,58.8,51119
VA,RAPPAHANNOCK,58.6,51157
TX,HOUSTON,48.6,48225
TX,STARR,51.7,48427
TX,GARZA,60.8,48169
TX,EASTLAND,56.4,48133
TX,BORDEN,59.5,48033
TX,KERR,59.9,48265
TX,FRANKLIN,60.3,48159
TX,KARNES,57.1,48255
TX,UPTON,60.8,48461
TX,HILL,59.4,48217
TN,MCMINN,56.8,47107
TN,ROANE,57.4,47145
TN,HENRY,53.6,47079
TN,POLK,50.0,47139
TN,LEWIS,61.0,47101
TN,SEQUATCHIE,61.0,47153
TN,CAMPBELL,58.3,47013
TN,MORGAN,55.8,47129
TN,HOUSTON,56.8,47083
TN,JACKSON,51.2,47087
TN,DYER,60.7,47045
TN,MCNAIRY,61.6,47109
TN,CARROLL,61.0,47017
TN,BENTON,50.8,47005
TN,HUMPHREYS,60.7,47085
TN,HICKMAN,60.2,47081
TN,DEKALB,61.1,47041
TN,GRAINGER,52.6,47057
TN,LAKE,52.3,47095
TN,CARTER,59.6,47019
TN,UNION,56.2,47173
TN,LAUDERDALE,48.0,47097
TN,JOHNSON,52.8,47091
TN,RHEA,60.4,47143
TN,WASHINGTON,60.7,47179
TN,GRUNDY,57.3,47061
TN,MARION,57.2,47115
TN,CLAIBORNE,61.6,47025
TN,CANNON,61.1,47015
TN,MEIGS,58.1,47121
TN,COCKE,53.8,47029
TN,SULLIVAN,60.6,47163
TN,HANCOCK,50.2,47067
TN,PERRY,58.3,47135
TN,LINCOLN,57.1,47103
TN,PUTNAM,58.8,47141
TN,OBION,55.6,47131
TN,WARREN,60.3,47177
TN,WEAKLEY,56.2,47183
TN,PICKETT,52.4,47137
TN,LAWRENCE,59.8,47099
TN,VAN BUREN,52.4,47175
TN,OVERTON,59.9,47133
TN,DECATUR,49.9,47039
TN,GIBSON,58.5,47053
TN,BEDFORD,61.3,47003
TN,CHESTER,60.4,47023
TN,JEFFERSON,58.6,47089
TN,MARSHALL,61.6,47117
TN,HARDEMAN,52.5,47069
TN,FRANKLIN,61.9,47051
TN,STEWART,55.8,47161
TN,COFFEE,60.2,47031
TN,SMITH,61.5,47159
TN,GREENE,59.6,47059
TN,FAYETTE,60.0,47047
TN,HAWKINS,54.0,47073
TN,WAYNE,55.2,47181
TN,MONROE,60.7,47123
TN,LOUDON,56.5,47105
TN,CUMBERLAND,56.4,47035
TN,HENDERSON,60.3,47077
TN,BLOUNT,61.9,47009
TN,MACON,61.1,47111
TN,WHITE,55.1,47185
TN,SEVIER,61.0,47155
TN,HAYWOOD,56.1,47075
TN,SCOTT,57.0,47151
TN,CROCKETT,59.8,47033
TN,HARDIN,56.7,47071
TN,BRADLEY,61.5,47011
TN,ANDERSON,60.7,47001
SD,SPINK,61.5,46115
SD,BEADLE,59.5,46005
SC,UNION,56.8,45087
PA,CAMERON,59.3,42023
OK,ELLIS,53.2,40045
OK,NOBLE,59.5,40103
OK,KAY,58.4,40071
OK,KAY,59.8,40071
OK,HARPER,57.8,40059
OK,PAWNEE,59.8,40117
OK,CRAIG,55.5,40035
OK,PAWNEE,58.3,40117
OK,TULSA,59.2,40143
OK,BLAINE,50.5,40011
OK,CLEVELAND,60.5,40027
OK,ADAIR,57.5,40001
OK,OSAGE,55.9,40113
OK,KAY,61.1,40071
OK,OSAGE,59.7,40113
OH,FRANKLIN,45.6,39049
OH,MEDINA,57.8,39103
ND,EMMONS,49.8,38029
NC,GRAHAM,56.5,37075
NC,POLK,54.0,37149
NC,HAYWOOD,53.2,37087
NC,MARTIN,58.4,37117
NE,DODGE,62.9,31053
MI,MACKINAC,54.2,26097
MI,LEELANAU,61.8,26089
MD,CARROLL,67.7,24013
LA,NATCHITOCHES,56.8,22069
LA,LINCOLN,60.7,22061
LA,FRANKLIN,49.2,22041
LA,ASSUMPTION,59.2,22007
LA,WEST BATON ROUGE,59.8,22121
LA,WINN,55.8,22127
LA,ST. HELENA,52.5,22091
LA,JACKSON,52.2,22049
LA,AVOYELLES,58.8,22009
LA,MOREHOUSE,58.5,22067
LA,CONCORDIA,50.8,22029
LA,RICHLAND,59.7,22083
LA,SABINE,56.1,22085
LA,CALDWELL,57.1,22021
LA,WEST CARROLL,57.0,22123
LA,EAST CARROLL,59.6,22035
LA,BIENVILLE,51.2,22013
LA,POINTE COUPEE,54.9,22077
LA,IBERVILLE,61.1,22047
LA,UNION,51.3,22111
LA,TENSAS,41.4,22107
LA,GRANT,58.7,22043
LA,LASALLE,60.1,22059
LA,ST. JAMES,60.7,22093
LA,DE SOTO,54.6,22031
LA,EAST FELICIANA,60.7,22037
LA,MADISON,42.7,22065
LA,WASHINGTON,57.6,22117
LA,CATAHOULA,58.5,22025
LA,CLAIBORNE,46.2,22027
LA,WEBSTER,62.0,22119
KY,BATH,52.6,21011
KY,MARSHALL,61.2,21157
KY,GREEN,56.5,21087
KY,LEWIS,55.0,21135
KY,OWSLEY,41.8,21189
KY,HICKMAN,56.1,21105
KY,UNION,56.8,21225
KY,BELL,58.0,21013
KY,ROBERTSON,45.1,21201
KY,WOLFE,61.4,21237
KY,CALDWELL,61.0,21033
KY,ALLEN,61.1,21003
KY,FULTON,57.0,21075
KY,BUTLER,54.2,21031
KY,HARLAN,58.9,21095
KY,MENIFEE,54.2,21165
KY,KNOTT,58.1,21119
KY,TRIGG,57.3,21221
KY,METCALFE,58.8,21169
KY,MCLEAN,60.7,21149
KY,BRECKINRIDGE,60.7,21027
KY,OHIO,57.5,21183
KY,CUMBERLAND,53.8,21057
KY,LESLIE,61.0,21131
KY,CASEY,53.5,21045
KY,GRAVES,61.1,21083
KY,WAYNE,57.0,21231
KY,LYON,59.8,21143
KY,MORGAN,55.7,21175
KY,LIVINGSTON,58.0,21139
KY,EDMONSON,57.1,21061
KY,MONROE,62.0,21171
KY,MCCREARY,58.9,21147
KY,HANCOCK,60.9,21091
KY,RUSSELL,58.7,21207
KY,CARLISLE,61.8,21039
KY,LEE,56.6,21129
KY,HART,60.1,21099
KY,KNOX,51.0,21121
KY,POWELL,55.7,21197
KY,LARUE,58.7,21123
KY,BALLARD,58.7,21007
KY,LINCOLN,57.1,21137
KY,CLAY,55.3,21051
KY,JACKSON,52.8,21109
IN,MARION,85.2,18097
IN,HENRY,56.1,18065
IN,RANDOLPH,60.7,18135
IN,BLACKFORD,56.5,18009
IN,WABASH,57.7,18169
ID,LEWIS,52.0,16061
ID,ONEIDA,56.6,16071
ID,BUTTE,53.2,16023
ID,BENEWAH,60.2,16009
GA,BIBB,54.3,13021
GA,BURKE,56.0,13033
GA,BLECKLEY,58.3,13023
GA,WALKER,61.5,13295
GA,FLOYD,61.2,13115
GA,TIFT,57.0,13277
GA,GORDON,59.0,13129
GA,EVANS,58.1,13109
CA,LAKE,55.4,6033
CA,MENDOCINO,59.7,6045
CA,TUOLUMNE,54.5,6109
CA,AMADOR,58.8,6005
CA,SOLANO,47.0,6095
AR,RANDOLPH,61.4,5121
AR,DREW,58.6,5043
AR,LINCOLN,54.6,5079
AZ,GREENLEE,61.5,4011
AZ,GRAHAM,61.5,4009
AZ,GILA,50.9,4007
OH,KNOX,62.0,39083
NM,TAOS,61.5,35055
NM,COLFAX,54.8,35007
NM,GRANT,57.3,35017
OH,MADISON,72.0,39097
WV,MINERAL,63.6,54057
WY,PARK,56.6,56029
NM,OTERO,59.6,35035
OH,HIGHLAND,62.0,39071
MD,DORCHESTER,53.4,24019
OK,TEXAS,61.5,40139
AL,GENEVA,57.1,1061
AL,MONROE,61.3,1099
WY,TETON,57.7,56039
WY,SHERIDAN,57.5,56033
IN,PERRY,61.7,18123
NV,PERSHING,58.7,32027
NV,MINERAL,55.7,32021
MN,LAKE OF THE WOODS,51.8,27077
GA,HABERSHAM,59.8,13137
AL,BUTLER,60.4,1013
MN,HUBBARD,58.6,27057
WV,PLEASANTS,61.1,54073
KS,EDWARDS,61.1,20047
AL,WALKER,61.6,1127
AL,WILCOX,51.3,1131
GA,CLAYTON,56.9,13063
AL,CLARKE,57.3,1025
MD,ST. MARY'S,60.3,24037
WV,MORGAN,60.7,54065
KS,WICHITA,61.9,20203
AL,DALLAS,50.8,1047
AL,PIKE,60.7,1109
KS,HODGEMAN,61.8,20083
KS,CHEYENNE,51.4,20023
AL,CHILTON,57.5,1021
AL,BARBOUR,61.3,1005
KS,OSBORNE,51.7,20141
IN,ORANGE,59.8,18117
IN,WAYNE,58.5,18177
WV,ROANE,60.4,54087
MO,PHELPS,61.6,29161
IL,COOK,61.0,17031
IN,ADAMS,61.1,18001
IN,RANDOLPH,58.4,18135
MN,NORMAN,61.3,27107
OK,PAYNE,60.6,40119
IN,UNION,57.8,18161
IL,EDGAR,58.3,17045
IN,KOSCIUSKO,57.3,18085
FM,YAP,34.5,64060
FM,KOSRAE,24.6,64005
FM,POHNPEI,46.3,64040
FM,CHUUK,29.9,64002
KY,ADAIR,59.1,21001
KY,RUSSELL,59.1,21207
VA,DANVILLE CITY,60.6,51590
VA,PITTSYLVANIA,60.6,51143
IL,MARSHALL,61.6,17123
MI,CHEBOYGAN,60.6,26031
IN,WABASH,60.7,18169
IN,JAY,61.9,18075
VA,NELSON,61.5,51125
VA,AMHERST,60.8,51009
MO,DENT,53.7,29065
NY,GREENE,61.3,36039
WA,KLICKITAT,58.3,53039
GA,EARLY,56.0,13099
GA,JENKINS,56.2,13165
MO,LAFAYETTE,60.4,29107
MD,PRINCE GEORGE'S,55.9,24033
MD,PRINCE GEORGE'S,62.0,24033
IN,FOUNTAIN,60.6,18045
IN,GRANT,59.4,18053
KY,CRITTENDEN,58.1,21055
GA,GLYNN,60.4,13127
IN,DELAWARE,57.8,18035
MA,DUKES,90.1,25007
VA,NOT DETERMINED,60.6,51515
TX,CHEROKEE,61.0,48073
IN,KNOX,56.6,18083
IN,GIBSON,65.3,18051
OH,LOGAN,73.7,39091
WV,RITCHIE,62.4,54085
IN,VIGO,60.9,18167
MP,SAIPAN,46.7,69110
IN,PULASKI,61.3,18131
IN,FULTON,58.7,18049
IN,LAWRENCE,66.4,18093
WV,WETZEL,57.1,54103
VA,LEXINGTON CITY,60.3,51678
VA,ROCKBRIDGE,60.3,51163
VA,BUENA VISTA CITY,60.3,51530
VA,HIGHLAND,54.6,51091
WV,POCAHONTAS,57.5,54075
VA,BATH,59.3,51017
VA,COVINGTON CITY,59.4,51580
VA,ALLEGHANY,59.4,51005
MI,HURON,58.4,26063
WV,GILMER,58.6,54021
VA,STAUNTON CITY,57.7,51790
VA,WAYNESBORO CITY,56.5,51820
OK,WASHINGTON,57.8,40147
VA,APPOMATTOX,61.0,51011
VA,GRAYSON,51.0,51077
VA,HOPEWELL CITY,61.6,51670
VA,PAGE,57.0,51139
WV,BARBOUR,59.1,54001
SC,OCONEE,60.7,45073
OR,LANE,50.7,41039
SD,YANKTON,89.8,46135
VA,PULASKI,60.7,51155
KY,ALLEN,59.8,21003
WV,PENDLETON,61.3,54071
CO,EAGLE,73.1,8037
MT,DEER LODGE,52.2,30023
VA,HENRY,59.0,51089
VA,MARTINSVILLE CITY,59.0,51690
WI,DOOR,54.9,55029
KY,MONROE,57.1,21171
OK,LINCOLN,62.0,40081
NC,AVERY,61.6,37011
OH,OTTAWA,58.6,39123
WV,MCDOWELL,56.8,54047
MI,ALPENA,57.4,26007
IA,LUCAS,60.7,19117
DE,NEW CASTLE,77.3,10003
IN,RUSH,75.1,18139
MN,COOK,57.7,27031
WI,SHEBOYGAN,51.8,55117
OR,COLUMBIA,65.6,41009
OH,UNION,82.5,39159
OR,COOS,54.2,41011
KS,KINGMAN,59.9,20095
KS,HASKELL,60.1,20081
WV,RALEIGH,59.6,54081
SC,SPARTANBURG,61.3,45083
OK,PITTSBURG,54.5,40121
CA,ALPINE,67.2,6003
SC,LAURENS,60.6,45059
CA,LASSEN,58.4,6035
MI,ST. CLAIR,74.3,26147
OK,JACKSON,61.8,40065
OR,WALLOWA,57.1,41063
MI,MARQUETTE,75.4,26103
MI,CLARE,59.9,26035
OK,MUSKOGEE,61.5,40101
MI,OGEMAW,61.5,26129
OH,VAN WERT,72.3,39161
WV,BOONE,61.4,54005
OK,SEQUOYAH,60.1,40135
KS,TREGO,60.5,20195
GA,TOWNS,52.5,13281
WY,NIOBRARA,61.8,56027
FL,HOLMES,59.8,12059
CA,PLUMAS,59.4,6063
OK,MURRAY,59.0,40099
TX,VICTORIA,61.4,48469
VT,CHITTENDEN,76.8,50007
IL,KNOX,56.0,17095
KS,WILSON,61.2,20205
KS,MARSHALL,59.1,20117
OH,PICKAWAY,78.3,39129
IL,CLINTON,60.6,17027
OK,ADAIR,59.9,40001
TX,COMAL,60.8,48091
TX,HEMPHILL,60.8,48211
AK,YAKUTAT,60.8,2282
IL,RICHLAND,62.0,17159
TX,DALLAM,61.8,48111
KY,BRACKEN,61.9,21023
NY,CHAUTAUQUA,61.3,36013
MI,BERRIEN,72.9,26021
OH,ERIE,60.0,39043
SC,FLORENCE,60.5,45041
VA,CHESAPEAKE CITY,58.1,51550
AZ,PIMA,54.4,4019
IL,DEKALB,59.4,17037
KS,MCPHERSON,59.9,20113
VA,LANCASTER,55.4,51103
GA,BACON,58.6,13005
IN,MIAMI,70.9,18103
KS,BROWN,50.3,20013
KS,LINCOLN,49.2,20105
MO,TANEY,59.6,29213
WA,MASON,60.7,53045
MT,YELLOWSTONE,72.2,30111
OR,MULTNOMAH,60.3,41051
KS,CLAY,59.6,20027
MT,WHEATLAND,52.9,30107
VA,BRISTOL CITY,53.3,51520
VA,FREDERICKSBURG CITY,56.8,51630
AL,FAYETTE,58.2,1057
AL,LAMAR,58.2,1075
WV,MERCER,55.3,54055
ID,JEROME,61.1,16053
IL,MCDONOUGH,61.1,17109
GA,JEFFERSON,61.6,13163
MO,MORGAN,52.9,29141
FL,LAKE,55.1,12069
OH,MUSKINGUM,65.8,39119
TX,SHERMAN,60.9,48421
GA,JENKINS,53.5,13165
IA,MUSCATINE,66.1,19139
IN,VERMILLION,65.9,18165
IN,CARROLL,66.8,18015
IN,LA PORTE,71.4,18091
IN,NEWTON,72.5,18111
IN,WARREN,64.8,18171
IN,MONROE,64.6,18105
SD,JACKSON,28.9,46071
GA,BROOKS,61.7,13027
ID,ADA,61.2,16001
VA,HARRISONBURG CITY,56.2,51660
FL,SUWANNEE,52.3,12121
KS,ELK,40.2,20049
GA,CRISP,56.2,13081
GA,COOK,58.8,13075
GA,GRADY,59.3,13131
GA,HART,59.3,13147
GA,CANDLER,55.6,13043
GA,CHARLTON,56.8,13049
OH,FRANKLIN,62.1,39049
WV,HANCOCK,71.0,54029
GA,TREUTLEN,51.4,13283
GA,EARLY,57.5,13099
CO,JACKSON,63.4,8057
CO,ROUTT,73.4,8107
CO,MOFFAT,66.8,8081
MI,SHIAWASSEE,74.3,26155
MI,EMMET,88.5,26047
CA,TRINITY,54.7,6105
KY,POWELL,61.0,21197
OR,LAKE,36.5,41037
OR,GRANT,35.4,41023
NJ,WARREN,62.0,34041
CO,OTERO,56.9,8089
MT,SWEET GRASS,49.6,30097
MT,DANIELS,33.8,30019
PA,MONROE,59.8,42089
ID,NEZ PERCE,56.3,16069
WV,MARION,55.7,54049
SC,PICKENS,57.7,45077
WV,MARSHALL,60.1,54051
KS,HARVEY,0.0,20079
KS,LANE,54.9,20101
MN,LAC QUI PARLE,59.6,27073
MI,GLADWIN,59.8,26051
LA,WEST FELICIANA,61.0,22125
WV,BARBOUR,56.9,54001
MD,CECIL,58.3,24015
TN,POLK,57.3,47139
ID,ONEIDA,59.5,16071
MI,WEXFORD,0.0,26165
MI,MONTCALM,0.0,26117
MI,EATON,0.0,26045
MI,BARRY,0.0,26015
MT,HILL,0.0,30041
AR,IZARD,57.3,5065
ID,TETON,58.1,16081
ID,VALLEY,55.5,16085
ID,SHOSHONE,58.7,16079
NY,SUFFOLK,53.9,36103
VA,WISE,52.7,51195
KS,REPUBLIC,42.6,20157
FL,WALTON,60.0,12131
ID,CUSTER,58.3,16037
KS,HAMILTON,60.7,20075
IL,VERMILION,60.6,17183
AZ,YUMA,47.6,4027
IA,WEBSTER,0.0,19187
IL,MACOUPIN,60.9,17117
HI,MAUI,59.6,15009
IA,BUENA VISTA,0.0,19021
ID,LEWIS,60.7,16061
NJ,ESSEX,0.0,34013
ID,LEWIS,60.5,16061
NJ,CAPE MAY,57.7,34009
FL,HARDEE,61.3,12049
TX,WINKLER,60.2,48495
NV,ELKO,0.0,32007
SD,PERKINS,54.5,46105
OK,MCINTOSH,56.7,40091
TX,ARANSAS,50.7,48007
NY,SULLIVAN,61.4,36105
FL,INDIAN RIVER,56.6,12061
ID,LEMHI,60.3,16059
FL,LEON,59.5,12073
NE,MADISON,60.0,31119
ND,MCHENRY,52.8,38049
AK,WRANGELL CITY AND BOROUGH,0.0,2275
ND,WILLIAMS,49.9,38105
ND,MCKENZIE,49.9,38053
ID,LATAH,61.2,16057
TX,HAMILTON,52.8,48193
FL,LIBERTY,61.5,12077
NY,OTSEGO,58.6,36077
OR,DESCHUTES,60.4,41017
TX,KERR,52.6,48265
MT,SHERIDAN,54.5,30091
UT,GRAND,0.0,49019
ID,IDAHO,61.1,16049
CO,SUMMIT,0.0,8117
ID,MADISON,55.6,16065
MD,ANNE ARUNDEL,55.5,24003
CO,CUSTER,60.7,8027
WY,NATRONA,62.0,56025
ID,ADAMS,61.0,16003
IN,JACKSON,0.0,18071
OK,CIMARRON,60.7,40025
TX,KNOX,55.9,48275
CA,SHASTA,61.0,6089
HI,HAWAII,61.2,15001
MI,BARAGA,59.7,26013
AR,WASHINGTON,61.0,5143
CA,MERCED,55.5,6047
ND,MERCER,58.7,38057
NY,RENSSELAER,58.2,36083
FL,BREVARD,0.0,12009
MT,LEWIS AND CLARK,56.5,30049
PA,BUCKS,0.0,42017
MD,KENT,61.9,24029
TX,BRAZORIA,52.9,48039
MT,SANDERS,61.9,30089
MT,FLATHEAD,59.2,30029
VA,ARLINGTON,0.0,51013
VA,ALEXANDRIA CITY,0.0,51510
MD,CECIL,58.7,24015
KS,CHASE,58.1,20017
UT,SEVIER,60.1,49041
ND,MORTON,59.9,38059
FL,FRANKLIN,43.3,12037
AK,DENALI,0.0,2068
TX,YOUNG,61.0,48503
KS,ALLEN,52.5,20001
OR,GILLIAM,55.8,41021
KS,STANTON,61.8,20187
KS,MITCHELL,57.8,20123
KS,OTTAWA,55.1,20143
AK,KODIAK ISLAND,0.0,2150
KS,NEMAHA,52.8,20131
UT,SANPETE,54.9,49039
UT,PIUTE,45.1,49031
KS,MARION,50.7,20115
MN,POPE,53.0,27121
IL,GALLATIN,48.2,17059
IN,PORTER,0.0,18127
AK,SOUTHEAST FAIRBANKS,0.0,2240
AK,DILLINGHAM,0.0,2070
AK,LAKE AND PENINSULA,58.0,2164
NY,ULSTER,61.8,36111
NY,SULLIVAN,61.8,36105
ND,BURLEIGH,62.0,38015
KS,RUSSELL,50.0,20167
KS,ANDERSON,54.8,20003
KS,NESS,59.0,20135
AZ,LA PAZ,31.1,4012
KS,DECATUR,43.1,20039
KS,SHERMAN,58.1,20181
KS,TREGO,47.2,20195
KS,REPUBLIC,56.0,20157
KS,GRAHAM,53.8,20065
KS,SHERIDAN,58.6,20179
KS,CLARK,52.6,20025
KS,GOVE,45.1,20063
KS,LANE,47.3,20101
KS,BARBER,55.2,20007
KS,SCOTT,51.0,20171
WY,FREMONT,62.0,56013
KS,PRATT,57.9,20151
AK,VALDEZ-CORDOVA,50.0,2261
FL,SARASOTA,43.8,12115
FL,HERNANDO,47.1,12053
AK,FAIRBANKS NORTH STAR,0.0,2090
TX,PRESIDIO,45.4,48377
UT,GARFIELD,60.2,49017
ND,WARD,58.3,38101
FL,POLK,56.9,12105
FL,MANATEE,50.1,12081
FL,COLLIER,57.1,12021
CA,EL DORADO,58.8,6017
FL,DESOTO,48.9,12027
AK,ALEUTIANS WEST,61.7,2016
OK,OTTAWA,56.4,40115
OK,LOVE,61.3,40085
MT,BROADWATER,61.1,30007
MT,MCCONE,52.8,30055
MT,PHILLIPS,59.8,30071
IL,SALINE,56.6,17165
FL,SUMTER,46.6,12119
FL,VOLUSIA,52.3,12127
FL,PUTNAM,56.8,12107
FL,PUTNAM,43.3,12107
FL,MARION,50.9,12083
FL,LEVY,53.1,12075
FL,JEFFERSON,51.5,12065
WA,WHATCOM,58.6,53073
WV,CABELL,48.9,54011
WA,WHATCOM,61.8,53073
KS,STAFFORD,54.7,20185
IA,MARSHALL,61.3,19127
OR,LINCOLN,49.8,41041
OK,SEMINOLE,56.2,40133
KS,PAWNEE,51.2,20145
CA,SUTTER,57.1,6101
VA,HENRY,61.6,51089
CO,OURAY,52.2,8091
CO,DENVER,56.6,8031
WY,HOT SPRINGS,49.4,56017
WV,GRANT,61.7,54023
WA,GARFIELD,60.9,53023
VA,ORANGE,58.5,51137
VA,HALIFAX,52.5,51083
VA,GREENE,48.8,51079
UT,WAYNE,57.7,49055
UT,CARBON,53.0,49007
TX,RUNNELS,48.5,48399
TX,NAVARRO,52.4,48349
TX,KING,56.3,48269
TN,WARREN,57.4,47177
TN,GIBSON,55.8,47053
SD,ZIEBACH,46.5,46137
SD,BROOKINGS,52.7,46011
SD,CLARK,52.8,46025
SD,CHARLES MIX,58.6,46023
SD,CAMPBELL,56.4,46021
SD,BUTTE,58.6,46019
SD,BUFFALO,46.6,46017
SD,BON HOMME,61.7,46009
SD,BENNETT,40.7,46007
SD,AURORA,38.6,46003
PA,SULLIVAN,58.1,42113
OR,JACKSON,0.0,41029
MT,POWDER RIVER,53.0,30075
CA,GLENN,56.8,6021
CA,SAN DIEGO,59.7,6073
CA,FRESNO,53.4,6019
CA,LOS ANGELES,53.4,6037
CA,SISKIYOU,47.7,6093
NY,DUTCHESS,59.2,36027
NY,SCHENECTADY,68.7,36093
WV,KANAWHA,61.3,54039
DE,KENT,75.7,10001
KS,CRAWFORD,57.4,20037
FL,COLUMBIA,60.4,12023
MT,TETON,59.0,30099
KS,RUSH,52.6,20165
CO,SEDGWICK,54.9,8115
CO,PHILLIPS,61.1,8095
CO,LOGAN,61.9,8075
CA,TRINITY,57.2,6105
CO,LA PLATA,72.5,8067
MD,CALVERT,60.9,24009
CO,WASHINGTON,56.2,8121
AZ,GRAHAM,59.9,4009
KS,BARTON,57.8,20009
IL,KANE,59.3,17089
MT,CARTER,58.1,30011
MT,FALLON,58.1,30025
MT,WIBAUX,58.1,30109
AK,KETCHIKAN GATEWAY,60.4,2130
AK,PRINCE OF WALES-HYDER,60.4,2198
PA,YORK,58.8,42133
FL,CITRUS,47.5,12017
OH,BUTLER,58.7,39017
CO,MONTEZUMA,63.2,8083
ND,RANSOM,58.7,38073
MT,MINERAL,59.1,30061
AZ,COCONINO,56.8,4005
OR,CURRY,61.4,41015
IL,WABASH,62.0,17185
MT,LINCOLN,59.0,30053
UT,RICH,60.5,49033
FL,GILCHRIST,58.4,12041
FL,FLAGLER,52.8,12035
GA,SPALDING,61.6,13255
FL,HIGHLANDS,47.9,12055
FL,GULF,59.0,12045
UT,JUAB,52.6,49023
FL,MARTIN,60.8,12085
MI,WAYNE,59.1,26163
VI,ST. CROIX,43.7,78010
TX,CLAY,60.2,48077
OK,MAYES,61.0,40097
NY,WAYNE,44.9,36117
NY,ONTARIO,44.9,36069
HI,KAUAI,0.0,15007
WV,TYLER,57.8,54095
FL,PASCO,42.4,12101
FL,LIBERTY,36.8,12077
FL,CALHOUN,59.1,12013
KY,GRAYSON,58.4,21085
KY,CUMBERLAND,41.6,21057
IA,DECATUR,60.6,19053
KY,BATH,58.9,21011
NY,ORANGE,60.8,36071
AZ,MOHAVE,45.1,4015
IA,WAPELLO,63.9,19179
KY,PERRY,45.2,21193
KY,LARUE,59.9,21123
FL,ALACHUA,58.6,12001
TX,DALLAS,44.9,48113
TX,DALLAS,45.8,48113
TX,DALLAS,49.1,48113
TX,DALLAS,50.5,48113
TX,DALLAS,46.3,48113
TX,DALLAS,46.0,48113
SD,POTTER,55.5,46107
NE,HALL,67.3,31079
KY,ESTILL,51.7,21065
MT,GARFIELD,62.0,30033
MT,CUSTER,62.0,30017
MT,POWDER RIVER,62.0,30075
MT,PRAIRIE,62.0,30079
AR,MILLER,61.8,5091
PA,ADAMS,44.7,42001
FL,MADISON,58.8,12079
FL,PALM BEACH,44.9,12099
FL,FRANKLIN,45.0,12037
AK,SKAGWAY,59.9,2230
AK,HOONAH-ANGOON,59.9,2105
NV,ELKO,59.8,32007
KY,BRECKINRIDGE,60.1,21027
FL,ESCAMBIA,39.5,12033
OR,DOUGLAS,61.5,41019
OR,WASCO,59.3,41065
AK,KENAI PENINSULA,0.0,2122
NM,LINCOLN,57.0,35027
OK,MUSKOGEE,46.8,40101
OK,CIMARRON,60.6,40025
CA,YUBA,49.3,6115
CA,SUTTER,61.1,6101
CA,YUBA,56.0,6115
CA,YUBA,56.3,6115
SD,DAY,55.3,46037
MI,ANTRIM,61.5,26009
KS,LOGAN,59.9,20109
IL,PERRY,51.7,17145
IL,PERRY,61.1,17145
TX,JEFFERSON,58.2,48245
RI,KENT,58.3,44003
OR,JEFFERSON,0.0,41031
OH,FRANKLIN,61.1,39049
ND,GRIGGS,55.6,38039
MN,KOOCHICHING,52.5,27071
MI,ISABELLA,56.9,26073
LA,JEFFERSON,51.6,22051
FL,LEE,54.0,12071
GA,FRANKLIN,60.8,13119
FL,LEE,52.03,12071
CA,RIVERSIDE,52.03,6065
FL,LEON,56.8,12073
CA,SAN BERNARDINO,58.7,6071
AL,MOBILE,59.6,1097
TX,OLDHAM,58.0,48359
SD,JERAULD,59.1,46073
OR,WHEELER,55.3,41069
OR,TILLAMOOK,61.3,41057
VA,EMPORIA CITY,48.4,51595
VI,ST. THOMAS,43.7,78030
VI,ST. JOHN,43.7,78020
IN,FRANKLIN,61.3,18047
PR,YAUCO,0.0,72153
PR,YABUCOA,0.0,72151
PR,VILLALBA,0.0,72149
PR,VIEQUES,0.0,72147
PR,VEGA BAJA,0.0,72145
PR,VEGA ALTA,0.0,72143
PR,UTUADO,0.0,72141
PR,TRUJILLO ALTO,0.0,72139
PR,TOA BAJA,0.0,72137
PR,TOA ALTA,0.0,72135
PR,SANTA ISABEL,0.0,72133
PR,SAN SEBASTIAN,0.0,72131
PR,SAN LORENZO,0.0,72129
PR,SAN JUAN,0.0,72127
PR,SAN GERMAN,0.0,72125
PR,SALINAS,0.0,72123
PR,SABANA GRANDE,0.0,72121
PR,RIO GRANDE,0.0,72119
PR,RINCON,0.0,72117
PR,QUEBRADILLAS,0.0,72115
PR,PONCE,0.0,72113
PR,PENUELAS,0.0,72111
PR,PATILLAS,0.0,72109
PR,OROCOVIS,0.0,72107
PR,NARANJITO,0.0,72105
PR,NAGUABO,50.0,72103
PR,MOCA,0.0,72099
PR,MAYAGUEZ,0.0,72097
PR,MAUNABO,0.0,72095
PR,MARICAO,0.0,72093
PR,MANATI,0.0,72091
PR,LUQUILLO,0.0,72089
PR,LOIZA,0.0,72087
PR,LAS PIEDRAS,0.0,72085
PR,LAS MARIAS,0.0,72083
PR,LARES,0.0,72081
PR,LAJAS,0.0,72079
PR,JUNCOS,0.0,72077
PR,JUANA DIAZ,0.0,72075
PR,JAYUYA,0.0,72073
PR,LSABELA,0.0,72071
PR,HUMACAO,0.0,72069
PR,HORMIGUEROS,0.0,72067
PR,HATILLO,0.0,72065
PR,GURABO,0.0,72063
PR,FLORIDA,0.0,72054
PR,DORADO,0.0,72051
PR,CULEBRA,0.0,72049
PR,COROZAL,0.0,72047
PR,COMERIO,0.0,72045
PR,COAMO,0.0,72043
PR,CIDRA,0.0,72041
PR,CIALES,0.0,72039
PR,CEIBA,0.0,72037
PR,CAYEY,0.0,72035
PR,CATANO,0.0,72033
PR,CAROLINA,0.0,72031
PR,CANOVANAS,0.0,72029
PR,CAMUY,0.0,72027
PR,CAGUAS,0.0,72025
PR,CABO ROJO,0.0,72023
PR,BAYAMO'N,0.0,72021
PR,BARRANQUITAS,0.0,72019
PR,BARCELONETA,0.0,72017
PR,ARROYO,0.0,72015
PR,ARECIBO,0.0,72013
PR,ANASCO,0.0,72011
PR,AIBONITO,0.0,72009
PR,AGUAS BUENAS,0.0,72007
PR,AGUADILLA,0.0,72005
PR,AGUADA,0.0,72003
PR,ADJUNTAS,0.0,72001
AS,SWAINS ISLAND,32.5,60040
AS,WESTERN,32.5,60050
AS,ROSE ISLAND,32.5,60030
AS,MANU'A,32.5,60020
AS,EASTERN,32.5,60010
WY,GOSHEN,61.4,56015
WY,FREMONT,55.8,56013
WY,ALBANY,57.8,56001
WY,BIG HORN,58.8,56003
CA,MODOC,53.8,6049
WI,JACKSON,58.1,55053
WI,IOWA,57.4,55049
WI,WASHBURN,0.0,55129
WI,TAYLOR,0.0,55119
WI,ST. CROIX,60.3,55109
WI,POLK,58.7,55095
WI,GRANT,60.7,55043
WI,BROWN,51.2,55009
WI,BARRON,62.0,55005
WI,MILWAUKEE,52.6,55079
WI,MILWAUKEE,47.3,55079
WI,DOUGLAS,51.45,55031
WI,WAUSHARA,57.4,55137
WI,VILAS,61.1,55125
WI,VERNON,60.3,55123
WI,RUSK,59.4,55107
WI,PRICE,60.1,55099
WI,MONROE,61.1,55081
WI,MENOMINEE,60.6,55078
WI,MARQUETTE,51.8,55077
WI,IRON,55.2,55051
WI,FLORENCE,55.5,55037
WI,CLARK,61.4,55019
WI,BURNETT,56.2,55013
WI,ADAMS,57.4,55001
WV,MERCER,57.9,54055
WV,POCAHONTAS,0.0,54075
WV,GRANT,53.8,54023
WV,GREENBRIER,59.8,54025
WV,BERKELEY,58.7,54003
WV,WYOMING,60.0,54109
WV,WYOMING,53.2,54109
WV,WIRT,61.1,54105
WV,WETZEL,60.9,54103
WV,WEBSTER,57.4,54101
WV,WAYNE,50.1,54099
WV,UPSHUR,51.2,54097
WV,TUCKER,61.0,54093
WV,TAYLOR,53.2,54091
WV,SUMMERS,46.4,54089
WV,RITCHIE,47.1,54085
WV,WYOMING,58.0,54109
WV,WYOMING,61.4,54109
WV,RALEIGH,58.4,54081
WV,RALEIGH,56.6,54081
WV,PUTNAM,48.7,54079
WV,PRESTON,45.1,54077
WV,PENDLETON,53.3,54071
WV,NICHOLAS,55.6,54067
WV,MONROE,60.3,54063
WV,MINGO,60.1,54059
WV,MASON,45.7,54053
WV,MCDOWELL,44.4,54047
WV,LOGAN,57.0,54045
WV,LINCOLN,39.4,54043
WV,LEWIS,33.9,54041
WV,JEFFERSON,47.4,54037
WV,JACKSON,61.0,54035
WV,HARRISON,61.6,54033
WV,HARDY,49.9,54031
WV,HAMPSHIRE,61.6,54027
WV,GILMER,43.6,54021
WV,FAYETTE,59.0,54019
WV,CLAY,57.3,54015
WV,CALHOUN,55.0,54013
WV,BRAXTON,61.3,54007
WV,BOONE,57.4,54005
WV,BARBOUR,52.4,54001
WA,ADAMS,59.1,53001
WA,YAKIMA,60.7,53077
WA,PIERCE,61.2,53053
WA,PEND OREILLE,50.7,53051
WA,PACIFIC,61.0,53049
WA,OKANOGAN,55.6,53047
WA,LINCOLN,59.1,53043
WA,ISLAND,51.2,53029
WA,GRANT,59.9,53025
WA,FRANKLIN,42.7,53021
WA,FERRY,58.1,53019
WA,DOUGLAS,59.9,53017
WA,COWLITZ,54.6,53015
WA,COLUMBIA,57.9,53013
WA,ASOTIN,53.1,53003
VA,YORK,59.5,51199
VA,SPOTSYLVANIA,58.5,51177
VA,SMYTH,60.0,51173
VA,PULASKI,58.4,51155
VA,GRAYSON,48.3,51077
VA,GLOUCESTER,61.4,51073
VA,ALLEGHANY,61.4,51005
VA,WISE,60.6,51195
VA,PETERSBURG CITY,44.2,51730
VA,SUFFOLK CITY,53.1,51800
VA,PETERSBURG CITY,61.6,51730
VA,FRANKLIN CITY,59.2,51620
VA,DANVILLE CITY,58.2,51590
VA,CHESAPEAKE CITY,57.0,51550
VA,WESTMORELAND,59.8,51193
VA,WASHINGTON,56.1,51191
VA,TAZEWELL,57.5,51185
VA,SUSSEX,60.9,51183
VA,SURRY,61.1,51181
VA,STAFFORD,58.7,51179
VA,SOUTHAMPTON,61.4,51175
VA,SCOTT,55.6,51169
VA,RUSSELL,60.2,51167
VA,RICHMOND,58.2,51159
VA,PRINCE EDWARD,59.0,51147
VA,POWHATAN,59.4,51145
VA,PITTSYLVANIA,48.9,51143
VA,PATRICK,61.9,51141
VA,PAGE,52.9,51139
VA,NOTTOWAY,52.9,51135
VA,NORTHUMBERLAND,49.6,51133
VA,NORTHAMPTON,59.7,51131
VA,NEW KENT,53.2,51127
VA,NELSON,52.4,51125
VA,MECKLENBURG,59.9,51117
VA,MATHEWS,57.7,51115
VA,MADISON,55.0,51113
VA,LUNENBURG,51.2,51111
VA,LOUISA,47.5,51109
VA,LEE,61.6,51105
VA,KING WILLIAM,56.6,51101
VA,KING GEORGE,60.1,51099
VA,KING AND QUEEN,61.7,51097
VA,ISLE OF WIGHT,42.9,51093
VA,GREENSVILLE,42.7,51081
VA,GOOCHLAND,48.3,51075
VA,GILES,60.8,51071
VA,FRANKLIN,50.3,51067
VA,FLUVANNA,56.2,51065
VA,FLOYD,61.1,51063
VA,ESSEX,61.2,51057
VA,DINWIDDIE,60.3,51053
VA,DICKENSON,62.0,51051
VA,CUMBERLAND,61.5,51049
VA,CRAIG,56.8,51045
VA,CLARKE,48.0,51043
VA,CHARLOTTE,58.0,51037
VA,CHARLES CITY,61.3,51036
VA,CARROLL,57.8,51035
VA,CAROLINE,43.8,51033
VA,BUCKINGHAM,49.8,51029
VA,BUCHANAN,60.9,51027
VA,BRUNSWICK,57.9,51025
VA,BOTETOURT,57.1,51023
VA,BLAND,59.4,51021
VA,APPOMATTOX,53.9,51011
VA,AMHERST,51.9,51009
VA,AMELIA,46.4,51007
VA,ACCOMACK,61.2,51001
VT,WINDSOR,52.0,50027
VT,RUTLAND,61.2,50021
VT,ORANGE,46.8,50017
VT,LAMOILLE,53.7,50015
VT,ORLEANS,55.1,50019
VT,ORLEANS,0.0,50019
VT,CALEDONIA,53.7,50005
UT,WASHINGTON,54.7,49053
UT,UTAH,61.8,49049
UT,UTAH,0.0,49049
UT,UINTAH,61.3,49047
UT,SAN JUAN,41.0,49037
UT,KANE,57.7,49025
UT,EMERY,58.0,49015
UT,DAGGETT,58.8,49009
TX,GRAYSON,56.2,48181
TX,GRAY,54.2,48179
TX,GALVESTON,60.9,48167
TX,DALLAS,56.2,48113
TX,POTTER,51.8,48375
TX,RANDALL,60.7,48381
KS,JEWELL,45.6,20089
TX,MARTIN,42.6,48317
TX,LIPSCOMB,60.7,48295
TX,CLAY,61.1,48077
TX,BELL,57.0,48027
TX,CONCHO,0.0,48095
TX,TARRANT,60.43,48439
TX,EL PASO,58.6,48141
TX,KNOX,55.7,48275
TX,DENTON,59.64,48121
TX,DENTON,0.0,48121
TX,JASPER,0.0,48241
TX,KAUFMAN,57.1,48257
TX,ZAVALA,36.2,48507
TX,ZAPATA,38.8,48505
TX,YOAKUM,55.6,48501
TX,WOOD,58.8,48499
TX,WILSON,57.1,48493
TX,WILLIAMSON,57.7,48491
TX,WILLACY,50.0,48489
TX,WILBARGER,53.1,48487
TX,WHARTON,60.9,48481
TX,WASHINGTON,54.9,48477
TX,WARD,50.2,48475
TX,WALLER,44.2,48473
TX,WALKER,52.5,48471
TX,VAN ZANDT,55.9,48467
TX,VAL VERDE,45.6,48465
TX,UVALDE,61.7,48463
TX,UPSHUR,45.5,48459
TX,TYLER,40.7,48457
TX,TRINITY,48.9,48455
TX,THROCKMORTON,43.9,48447
TX,TERRY,45.5,48445
TX,TERRELL,51.3,48443
TX,SWISHER,56.9,48437
TX,SUTTON,50.5,48435
TX,STONEWALL,38.3,48433
TX,STERLING,48.9,48431
TX,STEPHENS,47.6,48429
TX,SHELBY,51.5,48419
TX,SHACKELFORD,58.9,48417
TX,SCHLEICHER,61.1,48413
TX,SAN SABA,33.7,48411
TX,SAN JACINTO,43.4,48407
TX,SAN AUGUSTINE,50.2,48405
TX,SABINE,47.9,48403
TX,RUSK,49.6,48401
TX,ROBERTSON,42.8,48395
TX,REFUGIO,58.6,48391
TX,REEVES,56.5,48389
TX,RED RIVER,54.0,48387
TX,REAL,46.5,48385
TX,RAINS,43.8,48379
TX,POLK,47.9,48373
TX,PECOS,60.8,48371
TX,PARMER,58.1,48369
TX,PANOLA,58.7,48365
TX,OCHILTREE,60.0,48357
TX,NOLAN,50.5,48353
TX,NEWTON,51.5,48351
TX,CHILDRESS,60.5,48075
TX,NACOGDOCHES,0.0,48347
TX,MOTLEY,54.4,48345
TX,MORRIS,56.5,48343
TX,MONTAGUE,61.0,48337
TX,MITCHELL,52.3,48335
TX,MILLS,40.2,48333
TX,MILAM,40.9,48331
TX,MENARD,19.2,48327
TX,MEDINA,52.5,48325
TX,MAVERICK,44.4,48323
TX,MATAGORDA,54.9,48321
TX,MASON,49.4,48319
TX,MARION,48.3,48315
TX,MADISON,51.0,48313
TX,MCMULLEN,28.8,48311
TX,MCCULLOCH,58.3,48307
TX,LYNN,35.3,48305
TX,LLANO,58.8,48299
TX,LIVE OAK,51.5,48297
TX,LIMESTONE,32.3,48293
TX,LIBERTY,52.5,48291
TX,LEON,36.7,48289
TX,LEE,33.5,48287
TX,LAVACA,40.1,48285
TX,LA SALLE,52.7,48283
TX,LAMPASAS,60.1,48281
TX,LAMB,51.8,48279
TX,LAMAR,60.9,48277
TX,KLEBERG,57.5,48273
TX,KINNEY,19.4,48271
TX,KIMBLE,61.4,48267
TX,KENT,52.5,48263
TX,KENEDY,38.6,48261
TX,JONES,49.6,48253
TX,JIM WELLS,58.8,48249
TX,JIM HOGG,49.8,48247
TX,JEFF DAVIS,25.7,48243
TX,JACKSON,52.1,48239
TX,JACK,60.3,48237
TX,IRION,24.5,48235
TX,HUTCHINSON,57.9,48233
TX,HUDSPETH,37.4,48229
TX,HOWARD,62.0,48227
TX,HOPKINS,58.5,48223
TX,HOCKLEY,48.6,48219
TX,HIDALGO,54.4,48215
TX,HAYS,51.9,48209
TX,HASKELL,39.2,48207
TX,HARTLEY,60.3,48205
TX,HARRISON,53.2,48203
TX,HARDIN,60.5,48199
TX,HARDEMAN,43.4,48197
TX,HALL,52.3,48191
TX,HALE,55.8,48189
TX,GRIMES,35.2,48185
TX,GONZALES,37.7,48177
TX,GOLIAD,49.3,48175
TX,GLASSCOCK,57.9,48173
TX,GAINES,43.7,48165
TX,FRIO,37.8,48163
TX,FREESTONE,43.7,48161
TX,FOARD,47.7,48155
TX,FLOYD,41.8,48153
TX,FISHER,40.8,48151
TX,FAYETTE,35.9,48149
TX,FANNIN,53.0,48147
TX,FALLS,30.9,48145
TX,ERATH,54.4,48143
TX,EDWARDS,49.9,48137
TX,DUVAL,58.5,48131
TX,DONLEY,48.5,48129
TX,DIMMIT,42.0,48127
TX,DICKENS,40.6,48125
TX,DEWITT,40.8,48123
TX,DELTA,44.3,48119
TX,DEAF SMITH,58.4,48117
TX,DAWSON,50.0,48115
TX,CULBERSON,53.7,48109
TX,CROSBY,39.3,48107
TX,CROCKETT,60.0,48105
TX,CRANE,59.8,48103
TX,COTTLE,34.2,48101
TX,CORYELL,53.2,48099
TX,COOKE,52.8,48097
TX,COMANCHE,51.2,48093
MN,POPE,57.4,27121
TX,COLLINGSWORTH,32.7,48087
TX,COLEMAN,47.0,48083
TX,COKE,60.4,48081
TX,COCHRAN,41.4,48079
TX,CHAMBERS,57.1,48071
TX,CASTRO,36.7,48069
TX,CASS,58.8,48067
TX,CARSON,61.0,48065
TX,CAMP,32.6,48063
TX,CALLAHAN,61.9,48059
TX,CALHOUN,60.3,48057
TX,CALDWELL,30.6,48055
TX,BURNET,60.9,48053
TX,BURLESON,45.6,48051
TX,BROWN,51.1,48049
TX,BROOKS,48.7,48047
TX,BRISCOE,37.4,48045
TX,BREWSTER,53.2,48043
TX,BOSQUE,30.2,48035
TX,BLANCO,60.6,48031
TX,BEE,60.0,48025
TX,BAYLOR,61.4,48023
TX,BASTROP,42.6,48021
TX,BANDERA,41.7,48019
TX,AUSTIN,58.1,48015
TX,ATASCOSA,43.1,48013
TX,ARMSTRONG,52.9,48011
TX,ANDERSON,42.4,48001
TN,DYER,60.3,47045
TN,SMITH,60.8,47159
TN,DICKSON,0.0,47043
TN,RUTHERFORD,56.9,47149
TN,HUMPHREYS,54.53,47085
TN,WILSON,54.4,47189
TN,WHITE,52.5,47185
TN,WEAKLEY,58.0,47183
TN,UNICOI,61.0,47171
TN,TROUSDALE,53.3,47169
TN,TIPTON,44.9,47167
TN,SCOTT,41.5,47151
TN,ROBERTSON,60.9,47147
TN,PICKETT,54.6,47137
TN,OVERTON,45.7,47133
TN,OBION,57.4,47131
TN,MOORE,57.8,47127
TN,MONTGOMERY,57.0,47125
TN,MARION,53.3,47115
TN,MACON,42.2,47111
TN,MCMINN,57.0,47107
TN,LINCOLN,53.4,47103
TN,LAWRENCE,60.9,47099
TN,HOUSTON,58.8,47083
TN,GILES,59.9,47055
TN,FRANKLIN,44.7,47051
TN,FENTRESS,57.5,47049
TN,FAYETTE,32.8,47047
TN,DEKALB,60.1,47041
TN,CLAY,59.6,47027
TN,CHEATHAM,60.7,47021
TN,CARROLL,60.8,47017
TN,CAMPBELL,41.4,47013
TN,BLEDSOE,58.4,47007
TN,BEDFORD,59.8,47003
SD,MEADE,0.0,46093
SD,LINCOLN,52.6,46083
SD,LINCOLN,59.0,46083
SD,BROOKINGS,58.0,46011
SD,BROOKINGS,44.5,46011
SD,MINNEHAHA,49.1,46099
SD,HAAKON,58.7,46055
SD,FALL RIVER,0.0,46047
SD,BRULE,0.0,46015
SD,UNION,57.8,46127
SD,TRIPP,61.3,46123
SD,TODD,23.9,46121
SD,SULLY,56.5,46119
SD,STANLEY,60.3,46117
SD,NOT DETERMINED,28.0,46113
SD,SANBORN,44.4,46111
SD,ROBERTS,45.2,46109
SD,MOODY,52.6,46101
SD,MINER,45.4,46097
SD,MELLETTE,26.8,46095
SD,MARSHALL,56.9,46091
SD,MCPHERSON,34.3,46089
SD,MCCOOK,41.5,46087
SD,LYMAN,61.0,46085
SD,KINGSBURY,49.7,46077
SD,JONES,45.4,46075
SD,PENNINGTON,47.4,46103
SD,HYDE,49.3,46069
SD,HUTCHINSON,60.5,46067
SD,HARDING,56.7,46063
SD,HANSON,56.9,46061
SD,HAND,60.6,46059
SD,HAMLIN,59.1,46057
SD,GREGORY,61.3,46053
SD,GRANT,46.3,46051
SD,FAULK,58.1,46049
SD,FALL RIVER,48.7,46047
SD,EDMUNDS,50.3,46045
SD,DOUGLAS,40.3,46043
SD,DEWEY,44.0,46041
SD,DEUEL,59.5,46039
SD,DAY,49.4,46037
SD,CUSTER,45.0,46033
SD,CORSON,29.9,46031
SD,CLAY,48.8,46027
SC,RICHLAND,47.2,45079
SC,OCONEE,55.2,45073
SC,GREENWOOD,48.7,45047
SC,GREENWOOD,37.5,45047
SC,WILLIAMSBURG,30.2,45089
SC,SUMTER,60.9,45085
SC,SALUDA,45.2,45081
SC,RICHLAND,59.5,45079
SC,ORANGEBURG,51.5,45075
SC,MARLBORO,38.5,45069
SC,MARION,43.1,45067
SC,MCCORMICK,35.3,45065
SC,LEE,29.5,45061
SC,LANCASTER,49.3,45057
SC,JASPER,41.1,45053
SC,HORRY,54.6,45051
SC,HAMPTON,49.6,45049
SC,GEORGETOWN,61.1,45043
SC,GEORGETOWN,58.4,45043
SC,FLORENCE,54.2,45041
SC,FLORENCE,61.4,45041
SC,FAIRFIELD,48.0,45039
SC,EDGEFIELD,39.6,45037
SC,DORCHESTER,56.9,45035
SC,DILLON,35.6,45033
SC,DARLINGTON,59.5,45031
SC,COLLETON,60.8,45029
SC,CLARENDON,59.5,45027
SC,CHESTERFIELD,44.0,45025
SC,CHESTER,44.8,45023
SC,CALHOUN,55.6,45017
SC,BERKELEY,56.3,45015
SC,BEAUFORT,51.5,45013
SC,BARNWELL,56.0,45011
SC,BAMBERG,55.8,45009
SC,ALLENDALE,55.9,45005
PA,CENTRE,61.7,42027
PA,CENTRE,58.0,42027
PA,CENTRE,61.9,42027
PA,ALLEGHENY,46.7,42003
PA,ALLEGHENY,57.6,42003
PA,ALLEGHENY,56.7,42003
PA,PHILADELPHIA,54.2,42101
PA,PHILADELPHIA,56.5,42101
PA,PHILADELPHIA,52.9,42101
PA,PHILADELPHIA,58.5,42101
PA,BEAVER,55.9,42007
PA,BEAVER,56.3,42007
PA,BEAVER,56.8,42007
PA,SOMERSET,58.3,42111
PA,TIOGA,51.0,42117
PA,CLINTON,56.6,42035
PA,CLINTON,61.1,42035
PA,WYOMING,57.1,42131
PA,WYOMING,57.7,42131
PA,HUNTINGDON,60.2,42061
PA,GREENE,0.0,42059
PA,CRAWFORD,54.0,42039
PA,BEDFORD,57.6,42009
PA,NORTHAMPTON,60.8,42095
PA,COLUMBIA,57.5,42037
PA,BRADFORD,60.0,42015
PA,BUTLER,60.3,42019
PA,ALLEGHENY,56.9,42003
PA,DAUPHIN,60.1,42043
PA,CLEARFIELD,56.5,42033
PA,ALLEGHENY,57.1,42003
PA,FULTON,49.5,42057
PA,FOREST,51.4,42053
PA,FAYETTE,55.9,42051
WV,DODDRIDGE,58.9,54017
OR,MALHEUR,57.8,41045
OR,COLUMBIA,61.1,41009
OR,COLUMBIA,58.0,41009
OR,COOS,55.4,41011
OR,POLK,58.2,41053
OR,MARION,50.8,41047
OR,KLAMATH,53.5,41035
OR,CLATSOP,58.5,41007
OR,MORROW,61.3,41049
OR,HOOD RIVER,0.0,41027
OR,CLACKAMAS,57.3,41005
OR,KLAMATH,0.0,41035
OR,SHERMAN,50.1,41055
OR,YAMHILL,60.0,41071
OR,POLK,60.0,41053
OR,CLATSOP,59.0,41007
OK,PAWNEE,0.0,40117
OK,ROGERS,59.6,40131
OK,PONTOTOC,58.7,40123
OK,NOWATA,60.5,40105
OK,MAYES,51.7,40097
OK,LINCOLN,57.9,40081
OK,GARFIELD,55.9,40047
OK,PITTSBURG,59.0,40121
OK,WOODS,46.0,40151
OK,WASHITA,61.5,40149
OK,TILLMAN,46.0,40141
OK,SEQUOYAH,58.8,40135
OK,ROGER MILLS,57.8,40129
OK,PUSHMATAHA,51.5,40127
OK,OKMULGEE,48.2,40111
OK,OKFUSKEE,43.6,40107
OK,NOBLE,61.0,40103
OK,MUSKOGEE,60.3,40101
OK,MARSHALL,61.8,40095
OK,MCCURTAIN,50.1,40089
OK,MCCLAIN,58.5,40087
OK,LOGAN,61.2,40083
OK,LE FLORE,55.6,40079
OK,LATIMER,42.2,40077
OK,KIOWA,47.9,40075
OK,JOHNSTON,28.5,40069
OK,JEFFERSON,42.8,40067
OK,HUGHES,47.6,40063
OK,HASKELL,52.6,40061
OK,HARMON,44.2,40057
OK,GREER,56.9,40055
OK,GRANT,61.8,40053
OK,GARVIN,60.2,40049
OK,ELLIS,69.7,40045
OK,DEWEY,60.5,40043
OK,DELAWARE,33.8,40041
OK,COTTON,60.7,40033
OK,COAL,48.4,40029
OK,CHOCTAW,34.6,40023
OK,CHEROKEE,54.2,40021
OK,CADDO,59.5,40015
OK,BRYAN,63.9,40013
OK,BLAINE,49.8,40011
OK,BECKHAM,77.0,40009
OK,ATOKA,50.5,40005
OK,ALFALFA,52.0,40003
OK,ADAIR,46.8,40001
OH,BELMONT,54.4,39013
OH,CUYAHOGA,61.7,39035
OH,MAHONING,61.1,39099
OH,WARREN,61.2,39165
OH,CLINTON,55.2,39027
OH,LUCAS,61.7,39095
OH,LUCAS,47.9,39095
OH,FRANKLIN,60.1,39049
OH,FRANKLIN,60.9,39049
OH,LORAIN,59.8,39093
OH,LORAIN,55.6,39093
OH,WASHINGTON,57.0,39167
OH,WASHINGTON,51.1,39167
OH,HOCKING,61.0,39073
OH,HARDIN,54.1,39065
OH,HARDIN,59.0,39065
OH,GUERNSEY,52.1,39059
OH,ATHENS,58.2,39009
OH,GREENE,57.0,39057
OH,NOBLE,60.3,39121
OH,MUSKINGUM,61.0,39119
OH,HAMILTON,60.7,39061
OH,RICHLAND,55.33,39139
OH,JEFFERSON,43.7,39081
OH,CLERMONT,60.7,39025
OH,COLUMBIANA,0.0,39029
OH,VINTON,50.6,39163
OH,SCIOTO,59.8,39145
OH,SANDUSKY,58.5,39143
OH,PUTNAM,61.3,39137
OH,PIKE,54.3,39131
OH,MORGAN,59.5,39115
OH,MONROE,61.1,39111
OH,MEIGS,60.8,39105
OH,MAHONING,41.5,39099
OH,LAWRENCE,59.2,39087
OH,JACKSON,58.3,39079
OH,HARRISON,61.5,39067
OH,FAYETTE,62.0,39047
OH,DARKE,56.9,39037
OH,BROWN,60.9,39015
OH,ADAMS,47.9,39001
ND,MCHENRY,60.3,38049
ND,STARK,60.2,38089
ND,CASS,55.2,38017
ND,WELLS,57.3,38103
ND,TRAILL,60.6,38097
ND,STEELE,55.0,38091
ND,SLOPE,58.7,38087
ND,SIOUX,39.6,38085
ND,SHERIDAN,24.7,38083
ND,SARGENT,61.9,38081
ND,ROLETTE,47.4,38079
ND,RENVILLE,60.8,38075
ND,PIERCE,56.6,38069
ND,OLIVER,61.8,38065
ND,NELSON,56.0,38063
ND,MCLEAN,60.2,38055
ND,MCINTOSH,55.6,38051
ND,LOGAN,54.6,38047
ND,LAMOURE,48.4,38045
ND,KIDDER,49.5,38043
ND,HETTINGER,54.2,38041
ND,GRANT,58.4,38037
ND,GOLDEN VALLEY,57.3,38033
ND,FOSTER,58.3,38031
ND,EDDY,56.6,38027
ND,DUNN,55.8,38025
ND,DIVIDE,54.1,38023
ND,DICKEY,56.8,38021
ND,CAVALIER,61.8,38019
ND,BURKE,48.4,38013
ND,BOWMAN,58.6,38011
ND,BILLINGS,48.7,38007
ND,BENSON,33.4,38005
NC,MOORE,0.0,37125
NC,STANLY,60.9,37167
NC,WAKE,59.0,37183
NC,TRANSYLVANIA,0.0,37175
NC,ROWAN,53.6,37159
NC,RANDOLPH,61.8,37151
NC,DAVIDSON,44.8,37057
NC,CABARRUS,61.9,37025
NC,BUNCOMBE,51.6,37021
NC,ALAMANCE,53.6,37001
NC,MECKLENBURG,52.0,37119
NC,HENDERSON,0.0,37089
NC,YANCEY,46.5,37199
NC,YADKIN,58.4,37197
NC,WILSON,53.3,37195
NC,WILKES,47.0,37193
NC,WAYNE,54.4,37191
NC,WASHINGTON,37.2,37187
NC,WARREN,30.4,37185
NC,VANCE,46.2,37181
NC,UNION,54.9,37179
NC,TYRRELL,31.4,37177
NC,SWAIN,55.8,37173
NC,STOKES,57.3,37169
NC,SCOTLAND,48.9,37165
NC,SAMPSON,49.2,37163
NC,RUTHERFORD,58.4,37161
NC,ROCKINGHAM,58.3,37157
NC,ROBESON,43.7,37155
NC,RICHMOND,46.1,37153
NC,PITT,51.3,37147
NC,PERSON,46.1,37145
NC,PERQUIMANS,40.5,37143
NC,PENDER,50.7,37141
NC,PAMLICO,47.0,37137
NC,ONSLOW,53.7,37133
NC,NORTHAMPTON,37.3,37131
NC,NASH,42.4,37127
NC,MONTGOMERY,49.9,37123
NC,MITCHELL,41.2,37121
NC,MADISON,39.7,37115
NC,MACON,52.8,37113
NC,MCDOWELL,60.8,37111
NC,LENOIR,53.6,37107
NC,JONES,38.6,37103
NC,JOHNSTON,46.3,37101
NC,HYDE,24.2,37095
NC,HOKE,42.9,37093
NC,HERTFORD,46.8,37091
NC,HARNETT,47.9,37085
NC,HALIFAX,34.5,37083
NC,GREENE,24.4,37079
NC,GRANVILLE,41.5,37077
NC,GATES,35.0,37073
NC,FRANKLIN,41.0,37069
NC,EDGECOMBE,46.1,37065
NC,DUPLIN,45.9,37061
NC,DAVIE,61.8,37059
NC,DARE,57.2,37055
NC,CURRITUCK,58.4,37053
NC,CRAVEN,61.7,37049
NC,COLUMBUS,41.8,37047
NC,CLEVELAND,57.7,37045
NC,CLAY,30.9,37043
NC,CHEROKEE,52.5,37039
NC,CHATHAM,57.6,37037
NC,CASWELL,43.1,37033
NC,CARTERET,59.7,37031
NC,CAMDEN,45.4,37029
NC,CALDWELL,56.2,37027
NC,BRUNSWICK,52.9,37019
NC,BLADEN,37.7,37017
NC,BERTIE,36.3,37015
NC,BEAUFORT,46.0,37013
NC,ASHE,57.0,37009
NC,ANSON,59.5,37007
NC,ALLEGHANY,50.5,37005
NC,ALEXANDER,52.0,37003
NY,KINGS,60.5,36047
NY,ONONDAGA,55.6,36067
NY,MONROE,61.4,36055
NY,ULSTER,58.8,36111
NY,SENECA,61.5,36099
NY,ST. LAWRENCE,61.5,36089
NY,OTSEGO,58.5,36077
NY,NASSAU,0.0,36059
NY,LIVINGSTON,51.6,36051
NY,LEWIS,61.8,36049
NY,ERIE,51.8,36029
NY,DELAWARE,61.1,36025
NY,DELAWARE,52.8,36025
NY,TOMPKINS,50.6,36109
NY,ALBANY,57.6,36001
NY,FULTON,60.4,36035
NY,NIAGARA,54.68,36063
NY,CORTLAND,56.2,36023
NY,CHEMUNG,60.8,36015
NY,ESSEX,54.4,36031
NY,LIVINGSTON,61.6,36051
NY,WARREN,0.0,36113
NY,SCHUYLER,61.1,36097
NY,ORLEANS,60.5,36073
NY,HAMILTON,57.0,36041
NY,BRONX,49.0,36005
NY,BRONX,52.6,36005
NY,BRONX,61.1,36005
NM,OTERO,48.7,35035
NM,LINCOLN,56.7,35027
NM,DE BACA,61.4,35011
NM,TAOS,61.6,35055
NM,COLFAX,54.3,35007
NM,VALENCIA,61.8,35061
NM,UNION,42.1,35059
NM,TORRANCE,46.0,35057
NM,SOCORRO,50.2,35053
NM,SIERRA,18.1,35051
NM,SAN MIGUEL,59.9,35047
NM,SAN JUAN,48.2,35045
NM,SANDOVAL,34.1,35043
NM,ROOSEVELT,59.3,35041
NM,RIO ARRIBA,61.6,35039
NM,QUAY,55.0,35037
NM,MORA,47.3,35033
NM,MCKINLEY,37.8,35031
NM,LUNA,49.7,35029
NM,LEA,57.4,35025
NM,HIDALGO,52.4,35023
NM,HARDING,24.3,35021
NM,GUADALUPE,59.2,35019
NM,EDDY,54.2,35015
NM,DONA ANA,0.0,35013
NM,DE BACA,0.0,35011
NM,CURRY,61.2,35009
NM,CIBOLA,51.0,35006
NM,CHAVES,61.1,35005
NM,CATRON,44.9,35003
NJ,PASSAIC,62.0,34031
NJ,HUDSON,60.6,34017
NJ,HUDSON,59.4,34017
NJ,HUDSON,58.9,34017
NJ,ESSEX,44.1,34013
NJ,SUSSEX,61.1,34037
NJ,SALEM,57.1,34033
NJ,MONMOUTH,54.8,34025
NH,ROCKINGHAM,58.9,33015
NH,HILLSBOROUGH,43.2,33011
NH,SULLIVAN,0.0,33019
NH,COOS,0.0,33007
NH,STRAFFORD,50.1,33017
NH,CARROLL,48.7,33003
NV,ELKO,47.1,32007
NV,STOREY,47.4,32029
NV,LYON,52.8,32019
NV,LINCOLN,51.9,32017
NV,LANDER,50.9,32015
NV,EUREKA,54.5,32011
NV,ESMERALDA,40.5,32009
NE,VALLEY,0.0,31175
NE,CASS,51.9,31025
NE,HALL,58.1,31079
NE,FRANKLIN,51.4,31061
NE,THAYER,60.8,31169
NE,THAYER,58.4,31169
NE,SAUNDERS,60.4,31155
NE,SAUNDERS,52.9,31155
NE,SAUNDERS,49.5,31155
NE,MERRICK,58.8,31121
NE,MADISON,43.0,31119
NE,MADISON,51.3,31119
NE,MADISON,60.4,31119
NE,JOHNSON,55.4,31097
NE,JEFFERSON,47.7,31095
NE,JEFFERSON,60.8,31095
NE,DODGE,54.2,31053
NE,COLFAX,60.7,31037
NE,WAYNE,55.5,31179
NE,PLATTE,58.2,31141
NE,NANCE,58.2,31125
NE,CUMING,58.0,31039
NE,BUFFALO,47.3,31019
NE,DOUGLAS,58.05,31055
NE,DOUGLAS,60.5,31055
NE,SCOTTS BLUFF,0.0,31157
NE,WHEELER,56.3,31183
NE,WEBSTER,45.2,31181
NE,THURSTON,55.2,31173
NE,THOMAS,57.3,31171
NE,STANTON,57.9,31167
NE,SIOUX,51.0,31165
NE,SHERMAN,41.3,31163
NE,SALINE,61.8,31151
NE,ROCK,42.4,31149
NE,RICHARDSON,50.4,31147
NE,POLK,59.7,31143
NE,PAWNEE,59.7,31133
NE,NUCKOLLS,52.0,31129
NE,MCPHERSON,57.3,31117
NE,LOUP,32.7,31115
NE,LOGAN,57.3,31113
NE,KNOX,56.5,31107
NE,KEYA PAHA,50.7,31103
NE,HOOKER,57.3,31091
NE,HOLT,52.2,31089
NE,HITCHCOCK,36.6,31087
NE,HAYES,56.9,31085
NE,GREELEY,54.7,31077
NE,GRANT,57.3,31075
NE,GOSPER,53.5,31073
NE,GARFIELD,51.0,31071
NE,FURNAS,58.7,31065
NE,FRONTIER,58.7,31063
NE,FILLMORE,56.0,31059
NE,DUNDY,57.7,31057
NE,DIXON,56.1,31051
NE,DEUEL,60.1,31049
NE,CLAY,44.8,31035
NE,CHASE,59.6,31029
NE,CEDAR,46.4,31027
NE,BROWN,50.9,31017
NE,BOYD,51.0,31015
NE,BOONE,61.3,31011
NE,BLAINE,50.6,31009
NE,BANNER,58.1,31007
NE,ARTHUR,57.3,31005
NE,ANTELOPE,55.8,31003
NE,ADAMS,0.0,31001
MT,PONDERA,0.0,30073
MT,MADISON,53.3,30057
MT,WIBAUX,59.6,30109
MT,BEAVERHEAD,57.1,30001
MT,BEAVERHEAD,55.5,30001
MT,YELLOWSTONE,54.5,30111
MT,MISSOULA,0.0,30063
MT,LEWIS AND CLARK,55.0,30049
MT,LEWIS AND CLARK,60.6,30049
MT,LEWIS AND CLARK,47.7,30049
MT,TOOLE,0.0,30101
MT,CASCADE,54.1,30013
MT,VALLEY,54.2,30105
MT,TREASURE,48.2,30103
MT,SILVER BOW,60.0,30093
MT,ROSEBUD,57.0,30087
MT,ROOSEVELT,44.3,30085
MT,PRAIRIE,58.6,30079
MT,PETROLEUM,56.8,30069
MT,PARK,62.0,30067
MT,MUSSELSHELL,57.5,30065
MT,MINERAL,56.4,30061
MT,MEAGHER,45.2,30059
MT,LIBERTY,53.2,30051
MT,LEWIS AND CLARK,52.2,30049
MT,JUDITH BASIN,60.3,30045
MT,GRANITE,61.4,30039
MT,GOLDEN VALLEY,59.6,30037
MT,GLACIER,43.6,30035
MT,CHOUTEAU,55.7,30015
MT,BLAINE,48.1,30005
MT,BIG HORN,45.7,30003
MO,RAY,0.0,29177
MO,JACKSON,60.4,29095
MO,MONTGOMERY,57.7,29139
MO,MARION,61.7,29127
MO,JASPER,57.5,29097
MO,DAVIESS,62.0,29061
MO,DAVIESS,59.1,29061
MO,OSAGE,58.4,29151
MO,ST. LOUIS CITY,57.8,29510
MO,ST. LOUIS,58.6,29189
MO,VERNON,58.1,29217
MO,VERNON,52.0,29217
MO,VERNON,59.1,29217
MO,SALINE,0.0,29195
MO,POLK,55.5,29167
MO,MACON,51.1,29121
MO,RANDOLPH,58.2,29175
MO,PERRY,51.4,29157
MO,LEWIS,60.7,29111
MO,JEFFERSON,61.9,29099
MO,GASCONADE,47.6,29073
MO,DENT,51.4,29065
MO,CARROLL,57.8,29033
MO,AUDRAIN,55.9,29007
MO,OSAGE,51.8,29151
MO,CALLAWAY,51.8,29027
MO,NODAWAY,55.2,29147
MO,ST. LOUIS,60.2,29189
MO,DADE,56.5,29057
MO,LACLEDE,56.5,29105
MO,WORTH,48.9,29227
MO,WEBSTER,54.1,29225
MO,WAYNE,53.3,29223
MO,WASHINGTON,58.5,29221
MO,TEXAS,49.3,29215
MO,SULLIVAN,44.0,29211
MO,STONE,49.3,29209
MO,STODDARD,55.3,29207
MO,SHELBY,56.9,29205
MO,SHANNON,52.2,29203
MO,SCOTLAND,60.7,29199
MO,SCHUYLER,58.4,29197
MO,ST. CLAIR,57.2,29185
MO,RIPLEY,28.0,29181
MO,REYNOLDS,45.5,29179
MO,RALLS,59.8,29173
MO,PUTNAM,38.8,29171
MO,PULASKI,58.1,29169
MO,PEMISCOT,31.5,29155
MO,OZARK,49.6,29153
MO,OREGON,35.1,29149
MO,NEWTON,61.1,29145
MO,NEW MADRID,44.3,29143
MO,MONROE,59.1,29137
MO,MISSISSIPPI,48.9,29133
MO,MERCER,30.6,29129
MO,MARIES,54.8,29125
MO,MADISON,60.3,29123
MO,MCDONALD,42.4,29119
MO,LAWRENCE,56.4,29109
MO,IRON,49.2,29093
MO,HOWELL,61.5,29091
MO,HOWARD,44.6,29089
MO,HOLT,57.6,29087
MO,HICKORY,59.7,29085
MO,HARRISON,42.7,29081
MO,GRUNDY,47.1,29079
MO,GENTRY,56.1,29075
MO,DUNKLIN,54.8,29069
MO,DOUGLAS,40.0,29067
MO,DEKALB,46.5,29063
MO,DALLAS,41.9,29059
MO,DADE,50.6,29057
MO,CRAWFORD,50.8,29055
MO,CHRISTIAN,60.9,29043
MO,CHARITON,55.6,29041
MO,CEDAR,46.8,29039
MO,CARTER,37.3,29035
MO,CAPE GIRARDEAU,47.8,29031
MO,CALDWELL,59.2,29025
MO,BOLLINGER,46.0,29017
MO,BENTON,44.9,29015
MO,BARRY,50.6,29009
MO,ATCHISON,59.0,29005
MS,JACKSON,59.8,28059
MS,FORREST,52.5,28035
MS,FORREST,56.3,28035
MS,YAZOO,32.1,28163
MS,YALOBUSHA,25.8,28161
MS,WINSTON,32.4,28159
MS,WILKINSON,32.4,28157
MS,WEBSTER,32.1,28155
MS,WAYNE,35.7,28153
MS,WASHINGTON,39.8,28151
MS,WARREN,50.1,28149
MS,WALTHALL,30.8,28147
MS,UNION,43.7,28145
MS,TUNICA,30.7,28143
MS,TIPPAH,56.0,28139
MS,TATE,35.5,28137
MS,TALLAHATCHIE,30.1,28135
MS,SUNFLOWER,32.1,28133
MS,STONE,45.2,28131
MS,SMITH,44.5,28129
MS,SIMPSON,42.1,28127
MS,SHARKEY,30.6,28125
MS,SCOTT,38.0,28123
MS,QUITMAN,32.2,28119
MS,PRENTISS,42.9,28117
MS,PONTOTOC,44.5,28115
MS,PIKE,52.7,28113
MS,PERRY,44.1,28111
MS,PEARL RIVER,43.1,28109
MS,PANOLA,31.0,28107
MS,OKTIBBEHA,47.8,28105
MS,NOXUBEE,26.5,28103
MS,NEWTON,32.4,28101
MS,NESHOBA,38.3,28099
MS,MONTGOMERY,27.8,28097
MS,MONROE,44.8,28095
MS,MARSHALL,26.7,28093
MS,MARION,40.1,28091
MS,MADISON,36.2,28089
MS,LOWNDES,45.8,28087
MS,LINCOLN,45.1,28085
MS,LEFLORE,29.6,28083
MS,LEE,57.6,28081
MS,LEAKE,36.2,28079
MS,LAWRENCE,51.1,28077
MS,LAUDERDALE,53.7,28075
MS,LAMAR,41.2,28073
MS,LAFAYETTE,53.6,28071
MS,KEMPER,22.0,28069
MS,JONES,45.0,28067
MS,JEFFERSON DAVIS,26.5,28065
MS,JEFFERSON,37.1,28063
MS,JASPER,38.5,28061
MS,ITAWAMBA,48.6,28057
MS,ISSAQUENA,19.7,28055
MS,HUMPHREYS,32.3,28053
MS,HOLMES,31.9,28051
MS,HANCOCK,49.4,28045
MS,GRENADA,41.1,28043
MS,GREENE,36.7,28041
MS,GEORGE,53.0,28039
MS,FRANKLIN,57.6,28037
MS,DESOTO,47.4,28033
MS,COVINGTON,48.8,28031
MS,COPIAH,38.4,28029
MS,COAHOMA,29.9,28027
MS,CLAY,40.3,28025
MS,CLARKE,42.7,28023
MS,CLAIBORNE,26.9,28021
MS,CHOCTAW,44.9,28019
MS,CHICKASAW,31.2,28017
MS,CARROLL,43.7,28015
MS,CALHOUN,37.8,28013
MS,BOLIVAR,34.0,28011
MS,BENTON,23.5,28009
MS,ATTALA,40.5,28007
MS,AMITE,29.6,28005
MS,ALCORN,44.3,28003
MS,ADAMS,51.3,28001
MN,WASECA,0.0,27161
MN,ST. LOUIS,57.4,27137
MN,YELLOW MEDICINE,53.0,27173
MN,YELLOW MEDICINE,56.7,27173
MN,WINONA,57.4,27169
MN,RENVILLE,52.4,27129
MN,RENVILLE,44.9,27129
MN,PIPESTONE,51.0,27117
MN,PIPESTONE,58.4,27117
MN,OTTER TAIL,53.4,27111
MN,NOBLES,49.6,27105
MN,NICOLLET,60.6,27103
MN,MORRISON,45.1,27097
MN,MEEKER,60.5,27093
MN,MCLEOD,58.3,27085
MN,MCLEOD,55.0,27085
MN,LYON,48.9,27083
MN,LYON,45.7,27083
MN,CHISAGO,53.8,27025
MN,CHISAGO,50.4,27025
MN,BECKER,50.8,27005
MN,MARTIN,59.35,27091
MN,BENTON,60.5,27009
MN,MORRISON,55.03,27097
MN,BECKER,47.0,27005
MN,WILKIN,59.2,27167
MN,TRAVERSE,61.3,27155
MN,SWIFT,60.7,27151
MN,SIBLEY,61.9,27143
MN,ROSEAU,58.4,27135
MN,REDWOOD,61.1,27127
MN,RED LAKE,51.6,27125
MN,RAMSEY,46.5,27123
MN,POLK,59.9,27119
MN,PINE,60.8,27115
MN,MURRAY,59.6,27101
MN,MARSHALL,61.3,27089
MN,MAHNOMEN,59.4,27087
MN,LAC QUI PARLE,59.5,27073
MN,KITTSON,61.4,27069
MN,JACKSON,60.9,27063
MN,HOUSTON,60.6,27055
MN,GRANT,59.4,27051
MN,FILLMORE,58.0,27045
MN,COTTONWOOD,57.8,27033
MN,CLEARWATER,55.9,27029
MN,CASS,50.9,27021
MN,BELTRAMI,57.2,27007
MN,AITKIN,51.1,27001
MI,HURON,0.0,26063
MI,IOSCO,60.5,26069
MI,IOSCO,57.8,26069
MI,EMMET,58.0,26047
MI,CHEBOYGAN,59.2,26031
MI,ST. CLAIR,57.7,26147
MI,OSCEOLA,53.9,26133
MI,NEWAYGO,53.6,26123
MI,MARQUETTE,59.3,26103
MI,MANISTEE,61.5,26101
MI,MANISTEE,56.4,26101
MI,GLADWIN,48.9,26051
MI,CHIPPEWA,51.7,26033
MI,BERRIEN,61.8,26021
MI,BERRIEN,59.5,26021
MI,ST. CLAIR,57.3,26147
MI,IOSCO,0.0,26069
MI,CHARLEVOIX,54.2,26029
MI,ROSCOMMON,52.5,26143
MI,PRESQUE ISLE,55.3,26141
MI,OSCODA,50.7,26135
MI,ONTONAGON,61.9,26131
MI,OCEANA,46.5,26127
MI,MONTMORENCY,55.6,26119
MI,MISSAUKEE,49.6,26113
MI,MENOMINEE,59.2,26109
MI,LAKE,21.4,26085
MI,KEWEENAW,50.4,26083
MI,KALKASKA,60.1,26079
MI,JACKSON,0.0,26075
MI,IRON,45.1,26071
MI,HOUGHTON,56.0,26061
MI,HILLSDALE,49.8,26059
MI,GRATIOT,61.1,26057
MI,GOGEBIC,56.1,26053
MI,CRAWFORD,61.0,26039
MI,BRANCH,49.9,26023
MI,ARENAC,56.2,26011
MI,ALLEGAN,59.0,26005
MI,ALGER,53.2,26003
MI,ALCONA,52.6,26001
MA,HAMPDEN,58.8,25013
MA,SUFFOLK,60.9,25025
MA,WORCESTER,57.1,25027
MA,ESSEX,60.9,25009
MA,WORCESTER,61.0,25027
MA,PLYMOUTH,58.1,25023
MA,SUFFOLK,51.31,25025
MA,BARNSTABLE,61.8,25001
MA,SUFFOLK,0.0,25025
MA,BERKSHIRE,46.3,25003
MD,WASHINGTON,56.2,24043
MD,WASHINGTON,60.6,24043
MD,WASHINGTON,60.4,24043
MD,PRINCE GEORGE'S,48.0,24033
MD,QUEEN ANNE'S,56.5,24035
MD,ANNE ARUNDEL,59.1,24003
MD,ALLEGANY,31.6,24001
MD,ALLEGANY,55.1,24001
MD,WICOMICO,53.7,24045
MD,CHARLES,0.0,24017
MD,WORCESTER,58.3,24047
MD,SOMERSET,58.5,24039
MD,GARRETT,42.4,24023
MD,CAROLINE,60.5,24011
ME,WASHINGTON,49.2,23029
ME,ANDROSCOGGIN,60.9,23001
ME,SAGADAHOC,56.6,23023
ME,PENOBSCOT,52.8,23019
ME,KNOX,47.4,23013
ME,KENNEBEC,58.5,23011
ME,KNOX,46.6,23013
ME,YORK,58.8,23031
ME,KNOX,60.8,23013
ME,WALDO,60.8,23027
LA,CAMERON,51.2,22023
LA,VERNON,37.7,22115
LA,VERMILION,53.4,22113
LA,TERREBONNE,57.3,22109
LA,TANGIPAHOA,57.4,22105
LA,ST. MARY,58.1,22101
LA,ST. MARTIN,59.3,22099
LA,ST. LANDRY,40.9,22097
LA,ST. JOHN THE BAPTIST,61.9,22095
LA,ST. CHARLES,55.0,22089
LA,RED RIVER,45.8,22081
LA,RAPIDES,54.8,22079
LA,PLAQUEMINES,49.0,22075
LA,LIVINGSTON,53.4,22063
LA,JEFFERSON DAVIS,60.0,22053
LA,IBERIA,57.9,22045
LA,EVANGELINE,34.1,22039
LA,BEAUREGARD,49.3,22011
LA,ASCENSION,56.7,22005
LA,ALLEN,60.8,22003
LA,ACADIA,61.3,22001
KY,WARREN,60.0,21227
KY,MASON,57.8,21161
KY,LARUE,57.6,21123
KY,HENDERSON,55.3,21101
KY,HARRISON,61.9,21097
KY,HARDIN,53.3,21093
KY,BOYD,45.7,21019
KY,KENTON,52.2,21117
KY,WHITLEY,42.7,21235
KY,WEBSTER,48.6,21233
KY,WASHINGTON,51.3,21229
KY,TRIMBLE,46.0,21223
KY,TODD,57.7,21219
KY,SPENCER,45.2,21215
KY,SHELBY,48.7,21211
KY,SCOTT,55.8,21209
KY,RUSSELL,52.3,21207
KY,ROCKCASTLE,59.8,21203
KY,PULASKI,58.0,21199
KY,POWELL,53.5,21197
KY,PIKE,44.4,21195
KY,PERRY,54.2,21193
KY,PENDLETON,61.3,21191
KY,OWEN,57.7,21187
KY,NICHOLAS,45.6,21181
KY,NELSON,54.4,21179
KY,MUHLENBERG,61.9,21177
KY,MONTGOMERY,55.1,21173
KY,MONROE,47.3,21171
KY,MERCER,50.0,21167
KY,MEADE,60.9,21163
KY,MARTIN,58.9,21159
KY,MARION,42.7,21155
KY,MAGOFFIN,49.7,21153
KY,MADISON,49.6,21151
KY,LOGAN,48.0,21141
KY,LEWIS,39.9,21135
KY,LETCHER,48.2,21133
KY,LAUREL,39.6,21125
KY,JOHNSON,45.5,21115
KY,HANCOCK,50.3,21091
KY,GREENUP,59.0,21089
KY,GRAYSON,56.7,21085
KY,GARRARD,57.2,21079
KY,FULTON,62.0,21075
KY,FLOYD,46.5,21071
KY,FLEMING,45.8,21069
KY,ESTILL,47.5,21065
KY,ELLIOTT,54.0,21063
KY,CUMBERLAND,29.4,21057
KY,CRITTENDEN,40.1,21055
KY,CLINTON,38.3,21053
KY,CHRISTIAN,60.3,21047
KY,CARTER,60.6,21043
KY,BULLITT,55.5,21029
KY,BRECKINRIDGE,52.4,21027
KY,BREATHITT,51.2,21025
KY,BRACKEN,43.4,21023
KY,BELL,57.3,21013
KY,BATH,42.3,21011
KY,BALLARD,59.7,21007
KY,ALLEN,43.3,21003
KS,SUMNER,0.0,20191
KS,MITCHELL,55.0,20123
KS,KEARNY,0.0,20093
KS,BOURBON,0.0,20011
KS,RILEY,53.5,20161
KS,ANDERSON,59.7,20003
KS,NEOSHO,57.2,20133
KS,MORTON,60.4,20129
KS,MIAMI,59.0,20121
KS,MEADE,49.7,20119
KS,MCPHERSON,56.1,20113
KS,FRANKLIN,60.6,20059
KS,FORD,53.1,20057
KS,FORD,56.3,20057
KS,ELLIS,61.4,20051
KS,NESS,59.3,20135
KS,COFFEY,59.1,20031
KS,COFFEY,56.8,20031
KS,BUTLER,48.6,20015
KS,ATCHISON,59.9,20005
KS,RENO,47.9,20155
KS,LYON,46.5,20111
KS,GEARY,51.6,20061
KS,FINNEY,0.0,20055
KS,DOUGLAS,47.6,20045
KS,WOODSON,38.0,20207
KS,WILSON,48.8,20205
KS,WASHINGTON,41.9,20201
KS,WALLACE,57.3,20199
KS,WABAUNSEE,57.4,20197
KS,SMITH,56.7,20183
KS,RUSSELL,60.7,20167
KS,RUSH,61.9,20165
KS,ROOKS,55.1,20163
KS,RICE,53.5,20159
KS,TREGO,57.4,20195
KS,RAWLINS,57.7,20153
KS,PHILLIPS,61.1,20147
KS,OSAGE,57.8,20139
KS,NORTON,55.5,20137
KS,MONTGOMERY,54.2,20125
KS,MARSHALL,49.8,20117
KS,MARION,57.1,20115
KS,LINN,52.9,20107
KS,KIOWA,61.3,20097
KS,HARPER,59.2,20077
KS,GREENWOOD,56.2,20073
KS,GRAY,48.6,20069
KS,REPUBLIC,60.1,20157
KS,ELLSWORTH,60.5,20053
KS,CHAUTAUQUA,52.9,20019
KS,DONIPHAN,57.7,20043
KS,CLOUD,53.2,20029
KS,CHEROKEE,55.1,20021
KS,COMANCHE,55.8,20033
KS,NEMAHA,58.3,20131
IA,CHICKASAW,0.0,19037
IA,WOODBURY,60.7,19193
IA,WINNESHIEK,55.2,19191
IA,WEBSTER,58.1,19187
IA,UNION,52.9,19175
IA,SHELBY,57.6,19165
IA,SAC,54.9,19161
IA,POCAHONTAS,57.3,19151
IA,PLYMOUTH,58.8,19149
IA,PLYMOUTH,59.8,19149
IA,MONONA,60.4,19133
IA,MILLS,55.1,19129
IA,MAHASKA,59.0,19123
IA,MAHASKA,61.8,19123
IA,MAHASKA,61.9,19123
IA,LYON,60.3,19119
IA,LYON,54.2,19119
IA,LINN,58.9,19113
IA,KOSSUTH,50.3,19109
IA,KEOKUK,53.5,19107
IA,JONES,53.7,19105
IA,IOWA,61.8,19095
IA,HUMBOLDT,60.8,19091
IA,HUMBOLDT,58.2,19091
IA,HOWARD,57.5,19089
IA,HARRISON,60.9,19085
IA,HARRISON,61.8,19085
IA,HARDIN,61.4,19083
IA,GUTHRIE,54.7,19077
IA,CRAWFORD,61.8,19047
IA,CLINTON,61.5,19045
IA,CLINTON,50.2,19045
IA,CLAYTON,55.0,19043
IA,CLARKE,57.5,19039
IA,ALLAMAKEE,59.6,19005
IA,CASS,61.6,19029
IA,MONTGOMERY,58.6,19137
IA,KOSSUTH,53.5,19109
IA,BUTLER,59.1,19023
IA,BUTLER,60.7,19023
IA,BUTLER,60.5,19023
IA,BUENA VISTA,51.7,19021
IA,BUENA VISTA,56.5,19021
IA,BUCHANAN,56.7,19019
IA,BOONE,60.8,19015
IA,BOONE,61.7,19015
IA,BENTON,59.4,19011
IA,ADAIR,61.1,19001
IA,ADAIR,55.7,19001
IA,ADAIR,46.7,19001
IA,RINGGOLD,51.6,19159
IA,WAYNE,57.8,19185
IA,TAMA,54.6,19171
IA,PALO ALTO,55.4,19147
IA,MONROE,56.5,19135
IA,FREMONT,61.1,19071
IA,FRANKLIN,59.2,19069
IA,CARROLL,0.0,19027
IA,AUDUBON,59.2,19009
IA,APPANOOSE,57.8,19007
IN,WHITE,0.0,18181
IN,FAYETTE,0.0,18041
IN,PARKE,57.6,18121
IN,MIAMI,57.2,18103
IN,WASHINGTON,61.1,18175
IN,UNION,60.4,18161
IN,RIPLEY,57.9,18137
IN,JENNINGS,49.6,18079
IN,JEFFERSON,54.6,18077
IN,JOHNSON,59.9,18081
IN,HUNTINGTON,52.9,18069
IN,GREENE,58.8,18055
IN,GREENE,60.8,18055
IN,DECATUR,61.3,18031
IN,CLINTON,59.4,18023
IN,CLINTON,61.9,18023
IN,CLARK,76.8,18019
IN,DELAWARE,56.78,18035
IN,GIBSON,48.3,18051
IN,TIPPECANOE,47.0,18157
IN,SWITZERLAND,52.3,18155
IN,STARKE,53.4,18149
IN,SPENCER,59.5,18147
IN,SCOTT,61.5,18143
IN,PIKE,54.9,18125
IN,OWEN,52.9,18119
IN,OHIO,55.2,18115
IN,DAVIESS,54.0,18027
IN,CRAWFORD,58.5,18025
IN,CLAY,55.7,18021
IN,CASS,57.2,18017
IN,BROWN,54.8,18013
IL,WARREN,0.0,17187
IL,MORGAN,0.0,17137
IL,MADISON,59.6,17119
IL,MADISON,62.0,17119
IL,MCLEAN,49.2,17113
IL,CHAMPAIGN,55.6,17019
IL,WHITESIDE,58.1,17195
IL,WAYNE,59.7,17191
IL,STEPHENSON,58.4,17177
IL,SHELBY,55.7,17173
IL,OGLE,60.9,17141
IL,MONTGOMERY,59.9,17135
IL,MONROE,55.0,17133
IL,MACOUPIN,60.7,17117
IL,LOGAN,52.6,17107
IL,LIVINGSTON,60.1,17105
IL,LEE,60.1,17103
IL,KNOX,60.4,17095
IL,KANKAKEE,47.3,17091
IL,KANKAKEE,55.9,17091
IL,KANE,54.3,17089
IL,JEFFERSON,60.7,17081
IL,JEFFERSON,53.2,17081
IL,JEFFERSON,58.3,17081
IL,IROQUOIS,56.5,17075
IL,IROQUOIS,55.1,17075
IL,HENDERSON,56.5,17071
IL,HENDERSON,54.0,17071
IL,HANCOCK,60.1,17067
IL,FULTON,53.7,17057
IL,FULTON,48.0,17057
IL,HENRY,60.3,17073
IL,GALLATIN,59.15,17059
IL,EFFINGHAM,59.15,17049
IL,EFFINGHAM,58.9,17049
IL,CLINTON,48.9,17027
IL,CHRISTIAN,56.5,17021
IL,BOND,61.3,17005
IL,COOK,47.9,17031
IL,COOK,60.0,17031
IL,WILL,52.3,17197
IL,COOK,55.1,17031
IL,COOK,49.0,17031
IL,COLES,62.0,17029
IL,WHITE,47.6,17193
IL,UNION,58.2,17181
IL,SCOTT,56.7,17171
IL,SCHUYLER,56.8,17169
IL,PULASKI,25.1,17153
IL,POPE,36.9,17151
IL,PIKE,57.0,17149
IL,MERCER,0.0,17131
IL,MASSAC,55.9,17127
IL,LAWRENCE,58.9,17101
IL,JOHNSON,57.0,17087
IL,JO DAVIESS,61.7,17085
IL,JACKSON,45.7,17077
IL,HARDIN,57.3,17069
IL,GREENE,57.5,17061
IL,FRANKLIN,55.6,17055
IL,FAYETTE,60.9,17051
IL,EDWARDS,61.2,17047
IL,COOK,0.0,17031
IL,CLAY,52.3,17025
IL,CLARK,50.4,17023
IL,CASS,57.4,17017
IL,CARROLL,60.8,17015
IL,CALHOUN,57.8,17013
IL,BROWN,36.1,17009
IL,ALEXANDER,29.1,17003
ID,BANNOCK,55.8,16005
ID,BANNOCK,56.9,16005
ID,BONNER,59.2,16017
ID,BINGHAM,54.9,16011
ID,ADA,59.8,16001
ID,ELMORE,45.9,16039
ID,BINGHAM,58.9,16011
ID,KOOTENAI,0.0,16055
ID,WASHINGTON,54.7,16087
ID,PAYETTE,54.9,16075
ID,OWYHEE,49.2,16073
ID,MINIDOKA,60.1,16067
ID,LINCOLN,61.6,16063
ID,GOODING,61.5,16047
ID,GEM,53.8,16045
ID,CLARK,44.4,16033
ID,CARIBOU,56.2,16029
ID,BOUNDARY,61.3,16021
ID,BOISE,50.2,16015
ID,ADA,55.4,16001
GA,TROUP,48.7,13285
GA,TROUP,51.9,13285
GA,WARE,62.0,13299
GA,WARE,56.9,13299
GA,LAMAR,60.0,13171
GA,GORDON,58.6,13129
GA,CHATHAM,61.5,13051
GA,RICHMOND,36.6,13245
GA,CHATHAM,47.2,13051
GA,LOWNDES,61.0,13185
GA,LOWNDES,58.3,13185
GA,COLUMBIA,54.8,13073
GA,CATOOSA,57.5,13047
GA,BALDWIN,61.2,13009
GA,HARALSON,59.1,13143
GA,DEKALB,57.6,13089
AL,RUSSELL,51.3,1113
GA,WORTH,47.6,13321
GA,WILKINSON,52.8,13319
GA,WILKES,49.8,13317
GA,WILCOX,56.2,13315
GA,WHITE,53.2,13311
GA,WHEELER,35.6,13309
GA,WEBSTER,59.6,13307
GA,WAYNE,52.9,13305
GA,WASHINGTON,40.2,13303
GA,WARREN,50.7,13301
GA,WALTON,55.1,13297
GA,UNION,59.6,13291
GA,TWIGGS,54.7,13289
GA,TURNER,57.3,13287
GA,TREUTLEN,41.0,13283
GA,TOOMBS,50.7,13279
GA,THOMAS,50.4,13275
GA,TERRELL,57.4,13273
GA,TELFAIR,60.9,13271
GA,TAYLOR,42.0,13269
GA,TATTNALL,40.3,13267
GA,TALIAFERRO,49.3,13265
GA,TALBOT,60.1,13263
GA,SUMTER,49.2,13261
GA,STEWART,50.1,13259
GA,SCREVEN,51.6,13251
GA,SCHLEY,44.7,13249
GA,RANDOLPH,44.7,13243
GA,RABUN,61.0,13241
GA,QUITMAN,27.5,13239
GA,PUTNAM,57.1,13237
GA,PULASKI,58.4,13235
GA,POLK,57.7,13233
GA,PIKE,31.5,13231
GA,PIERCE,59.4,13229
GA,PICKENS,46.9,13227
GA,PEACH,53.6,13225
GA,OGLETHORPE,43.4,13221
GA,OCONEE,53.3,13219
GA,NEWTON,49.0,13217
GA,MURRAY,57.3,13213
GA,MORGAN,39.1,13211
GA,MONTGOMERY,58.8,13209
GA,MONROE,55.7,13207
GA,MITCHELL,55.7,13205
GA,MILLER,60.1,13201
GA,MERIWETHER,50.6,13199
GA,MARION,59.3,13197
GA,MADISON,53.9,13195
GA,MACON,53.8,13193
GA,MCINTOSH,58.3,13191
GA,MCDUFFIE,55.4,13189
GA,LUMPKIN,59.6,13187
GA,LONG,61.2,13183
GA,LINCOLN,59.9,13181
GA,LIBERTY,39.4,13179
GA,LEE,37.7,13177
GA,LAURENS,43.3,13175
GA,LANIER,61.5,13173
GA,JONES,53.7,13169
GA,JOHNSON,60.0,13167
GA,JENKINS,44.5,13165
GA,JEFFERSON,37.5,13163
GA,JEFF DAVIS,51.3,13161
GA,JASPER,42.1,13159
GA,IRWIN,47.5,13155
GA,HENRY,54.0,13151
GA,HEARD,45.0,13149
GA,HART,47.2,13147
GA,HARRIS,45.8,13145
GA,HANCOCK,29.7,13141
GA,GREENE,56.5,13133
GA,GRADY,35.9,13131
GA,GLASCOCK,56.6,13125
GA,GILMER,47.5,13123
GA,FORSYTH,52.8,13117
GA,FANNIN,53.2,13111
GA,EMANUEL,55.2,13107
GA,ELBERT,45.7,13105
GA,EFFINGHAM,52.5,13103
GA,ECHOLS,55.8,13101
GA,EARLY,34.8,13099
GA,DOOLY,31.2,13093
GA,DODGE,44.1,13091
GA,DECATUR,46.2,13087
GA,DAWSON,47.9,13085
GA,DADE,62.0,13083
GA,CRISP,54.0,13081
GA,CRAWFORD,29.9,13079
GA,COOK,46.2,13075
GA,COLQUITT,46.2,13071
GA,COFFEE,39.4,13069
GA,CLINCH,30.6,13065
GA,CLAY,54.1,13061
GA,CHATTOOGA,59.7,13055
GA,CHARLTON,58.4,13049
GA,CARROLL,61.9,13045
GA,CANDLER,55.7,13043
GA,CAMDEN,56.2,13039
GA,CALHOUN,29.6,13037
GA,BUTTS,56.5,13035
GA,BURKE,36.5,13033
GA,BULLOCH,38.8,13031
GA,BRYAN,48.3,13029
GA,BROOKS,31.5,13027
GA,BRANTLEY,59.3,13025
GA,BERRIEN,59.4,13019
GA,BEN HILL,51.7,13017
GA,BARTOW,53.8,13015
GA,BANKS,60.6,13011
GA,BAKER,40.8,13007
GA,ATKINSON,57.5,13003
GA,APPLING,45.4,13001
FL,DUVAL,54.8,12031
FL,HENDRY,47.6,12051
FL,POLK,47.6,12105
FL,HENDRY,0.0,12051
FL,GULF,0.0,12045
FL,CLAY,56.9,12019
FL,DUVAL,59.1,12031
FL,PINELLAS,52.2,12103
FL,COLLIER,55.8,12021
FL,PINELLAS,55.8,12103
FL,COLLIER,36.3,12021
FL,LEON,56.6,12073
FL,PINELLAS,56.6,12103
FL,ORANGE,48.4,12095
FL,ORANGE,60.4,12095
FL,PALM BEACH,46.5,12099
FL,POLK,59.8,12105
FL,LEE,53.5,12071
FL,MIAMI-DADE,54.0,12086
FL,POLK,57.91,12105
FL,POLK,52.0,12105
FL,POLK,52.65,12105
FL,WALTON,60.7,12131
FL,WAKULLA,55.7,12129
FL,UNION,57.8,12125
FL,TAYLOR,61.2,12123
FL,WASHINGTON,61.5,12133
FL,VOLUSIA,56.7,12127
FL,ST. LUCIE,58.1,12111
FL,ST. LUCIE,53.0,12111
FL,ST. JOHNS,51.8,12109
FL,OSCEOLA,50.4,12097
FL,OKEECHOBEE,57.2,12093
FL,NASSAU,57.2,12089
FL,MONROE,45.5,12087
FL,MARTIN,58.2,12085
FL,MARION,57.7,12083
FL,MADISON,32.2,12079
FL,LIBERTY,41.5,12077
FL,LEVY,54.4,12075
FL,LAKE,49.0,12069
FL,LAFAYETTE,56.1,12067
FL,JEFFERSON,36.0,12065
FL,JACKSON,43.3,12063
FL,HOLMES,54.3,12059
FL,HERNANDO,49.9,12053
FL,GLADES,57.3,12043
TX,HAMILTON,45.4,48193
FL,HAMILTON,60.3,12047
FL,GLADES,50.3,12043
FL,PASCO,50.3,12101
FL,PASCO,54.9,12101
FL,GILCHRIST,57.1,12041
FL,GADSDEN,53.7,12039
FL,FRANKLIN,30.5,12037
FL,FLAGLER,44.4,12035
FL,DIXIE,47.3,12029
FL,DESOTO,60.0,12027
FL,MIAMI-DADE,28.4,12086
FL,COLUMBIA,55.6,12023
FL,CITRUS,0.0,12017
FL,CHARLOTTE,47.5,12015
FL,CALHOUN,48.8,12013
FL,BRADFORD,61.5,12007
FL,BAKER,49.1,12003
DC,DISTRICT OF COLUMBIA,58.4,11001
DC,DISTRICT OF COLUMBIA,56.2,11001
DC,DISTRICT OF COLUMBIA,61.8,11001
DC,DISTRICT OF COLUMBIA,53.4,11001
DE,NEW CASTLE,60.1,10003
DE,SUSSEX,61.3,10005
CT,HARTFORD,60.9,9003
CT,HARTFORD,60.2,9003
CT,MIDDLESEX,52.5,9007
CT,NEW HAVEN,47.1,9009
CT,HARTFORD,47.9,9003
CO,TELLER,47.6,8119
CO,PUEBLO,50.9,8101
CO,MONTEZUMA,0.0,8083
CO,ARAPAHOE,58.1,8005
CO,ADAMS,57.1,8001
CO,PARK,0.0,8093
CO,MORGAN,0.0,8087
CO,HINSDALE,0.0,8053
CO,MESA,54.4,8077
CO,MONTROSE,60.0,8085
CO,YUMA,60.2,8125
CO,SAN MIGUEL,54.0,8113
CO,SAGUACHE,41.3,8109
CO,RIO GRANDE,49.9,8105
CO,PROWERS,59.2,8099
CO,LAS ANIMAS,48.2,8071
CO,LARIMER,0.0,8069
CO,GILPIN,56.9,8047
CO,FREMONT,61.0,8043
CO,ELBERT,42.6,8039
CO,DOLORES,59.8,8033
CO,DELTA,60.7,8029
CO,CROWLEY,60.4,8025
CO,COSTILLA,23.8,8023
CO,CONEJOS,38.0,8021
CO,CLEAR CREEK,47.1,8019
CO,CHEYENNE,61.8,8017
CO,BENT,56.8,8011
CO,ARCHULETA,50.1,8007
CO,ALAMOSA,0.0,8003
CA,KERN,48.8,6029
CA,KERN,59.5,6029
CA,SAN BERNARDINO,57.8,6071
CA,SAN BERNARDINO,55.1,6071
CA,STANISLAUS,61.1,6099
CA,SONOMA,50.2,6097
CA,SIERRA,57.6,6091
CA,SAN LUIS OBISPO,50.1,6079
CA,SAN DIEGO,61.1,6073
CA,SAN BERNARDINO,51.9,6071
CA,NAPA,51.2,6055
CA,MONTEREY,61.7,6053
CA,FRESNO,47.2,6019
CA,ALAMEDA,61.6,6001
CA,SOLANO,59.3,6095
CA,SAN DIEGO,41.8,6073
CA,MERCED,55.3,6047
CA,LASSEN,56.4,6035
CA,LASSEN,60.6,6035
CA,SISKIYOU,50.7,6093
CA,SISKIYOU,62.0,6093
CA,SISKIYOU,55.0,6093
CA,SISKIYOU,52.0,6093
CA,SAN BERNARDINO,50.2,6071
CA,SAN BERNARDINO,46.2,6071
CA,MENDOCINO,55.9,6045
CA,SAN BENITO,57.4,6069
CA,SHASTA,54.8,6089
CA,FRESNO,60.9,6019
CA,MARIN,56.8,6041
CA,SANTA BARBARA,61.1,6083
CA,HUMBOLDT,62.0,6023
CA,HUMBOLDT,58.3,6023
CA,TULARE,60.1,6107
CA,SIERRA,61.6,6091
CA,SHASTA,61.1,6089
CA,PLUMAS,48.3,6063
CA,MADERA,59.9,6039
CA,LASSEN,60.8,6035
CA,LAKE,56.2,6033
CA,KINGS,59.2,6031
CA,DEL NORTE,61.0,6015
AR,WHITE,61.3,5145
CA,BUTTE,50.0,6007
AR,YELL,56.2,5149
AR,YELL,60.5,5149
AR,WHITE,50.8,5145
AR,UNION,55.5,5139
AR,POPE,55.2,5115
AR,GARLAND,61.1,5051
AR,CRAIGHEAD,55.3,5031
AR,CRAIGHEAD,56.2,5031
AR,BENTON,59.1,5007
AR,JEFFERSON,55.7,5069
AR,GARLAND,60.0,5051
AR,SALINE,57.4,5125
AR,WOODRUFF,31.7,5147
AR,VAN BUREN,62.0,5141
AR,STONE,39.5,5137
AR,SHARP,37.1,5135
AR,SEARCY,39.7,5129
AR,SCOTT,53.4,5127
AR,ST. FRANCIS,53.7,5123
AR,RANDOLPH,56.0,5121
AR,PRAIRIE,30.8,5117
AR,POLK,37.5,5113
AR,POINSETT,53.0,5111
AR,PIKE,51.4,5109
AR,PHILLIPS,49.6,5107
AR,PERRY,42.6,5105
AR,OUACHITA,62.0,5103
AR,NEWTON,45.5,5101
AR,NEVADA,36.0,5099
AR,MONTGOMERY,30.1,5097
AR,MONROE,46.0,5095
AR,MISSISSIPPI,44.3,5093
AR,MARION,61.6,5089
AR,MADISON,33.6,5087
AR,LONOKE,45.9,5085
AR,LOGAN,49.2,5083
AR,LITTLE RIVER,51.3,5081
AR,LEE,59.8,5077
AR,LAWRENCE,53.2,5075
AR,LAFAYETTE,29.6,5073
AR,JOHNSON,57.7,5071
AR,JACKSON,51.3,5067
AR,HOT SPRING,56.8,5059
AR,INDEPENDENCE,46.8,5063
AR,HOWARD,60.8,5061
AR,HEMPSTEAD,45.1,5057
AR,GREENE,58.0,5055
AR,FULTON,59.6,5049
AR,FRANKLIN,48.5,5047
AR,FAULKNER,58.8,5045
AR,DREW,44.2,5043
AR,DESHA,56.9,5041
AR,DALLAS,55.2,5039
AR,CROSS,39.4,5037
AR,CRITTENDEN,34.2,5035
AR,CONWAY,50.7,5029
AR,COLUMBIA,58.4,5027
AR,CLEVELAND,39.4,5025
AR,CLEBURNE,57.3,5023
AR,CLAY,47.4,5021
AR,CHICOT,37.3,5017
AR,CARROLL,47.5,5015
AR,CALHOUN,53.2,5013
AR,BRADLEY,51.7,5011
AR,BAXTER,46.3,5005
AR,ASHLEY,53.2,5003
AR,ARKANSAS,58.1,5001
AZ,GREENLEE,61.3,4011
AZ,YAVAPAI,51.7,4025
AZ,MOHAVE,58.6,4015
AZ,PINAL,53.9,4021
AZ,MARICOPA,59.5,4013
AZ,PIMA,59.5,4019
AZ,MARICOPA,49.0,4013
AZ,SANTA CRUZ,61.2,4023
AZ,NAVAJO,38.1,4017
AZ,APACHE,35.9,4001
AK,YUKON-KOYUKUK,57.0,2290
AK,YUKON-KOYUKUK,47.7,2290
AK,YUKON-KOYUKUK,59.9,2290
AK,NOT DETERMINED,48.6,2231
AK,NORTH SLOPE,57.0,2185
AK,NOT DETERMINED,32.5,2270
AK,NORTHWEST ARCTIC,37.2,2188
AK,NOME,37.2,2180
AK,MATANUSKA-SUSITNA,0.0,2170
AK,HAINES,0.0,2100
AK,BRISTOL BAY,60.3,2060
AK,ALEUTIANS EAST,61.1,2013
AL,TUSCALOOSA,51.6,1125
AL,TUSCALOOSA,49.4,1125
AL,MORGAN,59.9,1103
AL,MOBILE,54.7,1097
AL,MOBILE,56.8,1097
AL,MADISON,58.1,1089
AL,MADISON,54.5,1089
AL,LIMESTONE,46.2,1083
AL,JEFFERSON,57.6,1073
AL,JEFFERSON,57.4,1073
AL,ETOWAH,51.0,1055
AL,WINSTON,58.1,1133
AL,WASHINGTON,32.3,1129
AL,TALLAPOOSA,53.3,1123
AL,TALLADEGA,45.2,1121
AL,SUMTER,40.3,1119
AL,SHELBY,49.2,1117
AL,ST. CLAIR,42.1,1115
AL,RUSSELL,36.0,1113
AL,RANDOLPH,61.0,1111
AL,PICKENS,58.7,1107
AL,PERRY,58.5,1105
AL,MARSHALL,58.0,1095
AL,MARION,50.7,1093
AL,MARENGO,54.8,1091
AL,MACON,28.1,1087
AL,LOWNDES,54.5,1085
AL,LEE,55.6,1081
AL,LAWRENCE,44.0,1079
AL,JACKSON,53.9,1071
AL,HOUSTON,57.6,1069
AL,HENRY,60.6,1067
AL,HALE,55.1,1065
AL,GREENE,56.8,1063
AL,FRANKLIN,59.1,1059
AL,FAYETTE,47.9,1057
AL,ESCAMBIA,53.5,1053
AL,ELMORE,48.1,1051
AL,DEKALB,50.8,1049
AL,DALE,61.2,1045
AL,CULLMAN,51.7,1043
AL,CRENSHAW,58.7,1041
AL,COVINGTON,54.8,1039
AL,COOSA,52.3,1037
AL,CONECUH,51.2,1035
AL,COLBERT,57.0,1033
AL,COFFEE,60.9,1031
AL,CLEBURNE,61.1,1029
AL,CLAY,60.4,1027
AL,CHOCTAW,58.2,1023
AL,CHEROKEE,56.1,1019
AL,CALHOUN,61.9,1015
AL,BULLOCK,61.7,1011
AL,BLOUNT,56.1,1009
AL,BIBB,47.7,1007
AL,BALDWIN,58.4,1003
AL,BALDWIN,49.9,1003
AL,AUTAUGA,52.9,1001
AL,AUTAUGA,44.1,1001
